sde_xAl,sde_xIn,sde_tRecess,sde_AlN1,sde_AlN2,Vth,Ion,ON_OFF_Ratio,SS
0.2,0.18,0.055,1,0,3.067162973,0.032439413,79898811595,140.0566963
0.2,0.18,0.055,1,1,3.801211636,0.0302733,69184144834,148.6273666
0.2,0.18,0.055,0,0,1.281327586,0.041828224,81443318540,99.58148871
0.2,0.18,0.055,0,1,2.169999026,0.036413678,1.02462E+11,134.6183337
0.2,0.18,0.057,1,0,2.02312669,0.039810377,94384614227,127.0831692
0.2,0.18,0.057,1,1,2.616282042,0.037068499,81798829536,129.4941389
0.2,0.18,0.057,0,0,0.621582785,0.047221055,90402796132,117.6330728
0.2,0.18,0.057,0,1,1.293685285,0.044045974,1.20684E+11,135.061477
0.2,0.18,0.05,1,0,5.668667244,0.022572592,68465837421,150.4314471
0.2,0.18,0.05,1,1,6.775176878,0.021220132,34809787300,169.6161857
0.2,0.18,0.05,0,0,3.103944369,0.032230053,66523697841,131.0106585
0.2,0.18,0.05,0,1,4.349297542,0.025713406,94275064160,146.5829666
0.2,0.1,0.055,1,0,1.287894993,0.034225732,97572337450,137.4836262
0.2,0.1,0.055,1,1,2.053867478,0.032547409,89465955435,138.0940222
0.2,0.1,0.055,0,0,-0.388040133,0.036629207,85205460568,118.0491011
0.2,0.1,0.055,0,1,0.371622496,0.0367878,1.21089E+11,133.238855
0.2,0.1,0.057,1,0,0.526070049,0.041719061,1.14431E+11,134.8577649
0.2,0.1,0.057,1,1,1.153819367,0.040115693,1.08873E+11,127.7188953
0.2,0.1,0.057,0,0,-0.723254162,0.040300821,90066083517,111.366041
0.2,0.1,0.057,0,1,-0.15242568,0.042647948,1.37879E+11,112.3391494
0.2,0.1,0.05,1,0,3.160611811,0.023263867,72870819716,149.4668451
0.2,0.1,0.05,1,1,4.308276819,0.022336103,61754536128,153.4675493
0.2,0.1,0.05,0,0,0.575858836,0.02916555,64903120220,120.8184732
0.2,0.1,0.05,0,1,1.757898648,0.025588784,90030357767,151.1295401
0.2,0.12,0.055,1,0,1.704463089,0.034351784,97274213506,130.5401042
0.2,0.12,0.055,1,1,2.492872734,0.032194461,85701547850,132.2075851
0.2,0.12,0.055,0,0,-0.039501101,0.038887587,84615242451,119.1175592
0.2,0.12,0.055,0,1,0.825579352,0.036974545,1.20182E+11,117.5835082
0.2,0.12,0.057,1,0,0.891953016,0.041922156,1.14199E+11,137.8514477
0.2,0.12,0.057,1,1,1.492132531,0.040044255,96432039828,123.8455751
0.2,0.12,0.057,0,0,-0.447061245,0.042953889,97948694169,105.2246155
0.2,0.12,0.057,0,1,0.208889456,0.043342712,1.37563E+11,110.4924318
0.2,0.12,0.05,1,0,3.784495642,0.023362973,72322375570,149.6823537
0.2,0.12,0.05,1,1,4.952793871,0.022013519,60564137485,164.4850338
0.2,0.12,0.05,0,0,1.17564218,0.030340346,66467699982,108.2937143
0.2,0.12,0.05,0,1,2.433471873,0.025585452,89202104129,137.3035714
0.2,0.14,0.055,1,0,2.184351122,0.033542292,91298793764,133.6447811
0.2,0.14,0.055,1,1,2.942141078,0.03153174,74933843669,138.199291
0.2,0.14,0.055,0,0,0.448360987,0.039835876,81987363514,117.7107517
0.2,0.14,0.055,0,1,1.278608667,0.036881063,1.15869E+11,119.4435242
0.2,0.14,0.057,1,0,1.268478641,0.041513429,1.02339E+11,138.7654238
0.2,0.14,0.057,1,1,1.876177562,0.039049071,91259860537,135.218847
0.2,0.14,0.057,0,0,-0.091558394,0.044569252,90191428424,115.6805619
0.2,0.14,0.057,0,1,0.532479765,0.044471248,1.28486E+11,132.7040519
0.2,0.14,0.05,1,0,4.427655505,0.023118182,71773356196,158.38842
0.2,0.14,0.05,1,1,5.543226819,0.02202733,55777950319,161.4307432
0.2,0.14,0.05,0,0,1.843346927,0.030973427,67509301137,127.3692137
0.2,0.14,0.05,0,1,3.057151008,0.025972236,94933974273,145.6531792
0.2,0.16,0.055,1,0,2.594368065,0.033496412,83454640820,147.9938267
0.2,0.16,0.055,1,1,3.340641287,0.031374695,72359223648,153.1906928
0.2,0.16,0.055,0,0,0.854303013,0.041133809,79328315405,108.1696902
0.2,0.16,0.055,0,1,1.702069,0.037022078,1.05443E+11,138.0613405
0.2,0.16,0.057,1,0,1.656493698,0.040601365,97091178236,127.3614741
0.2,0.16,0.057,1,1,2.238076912,0.038251253,88186753243,149.3190705
0.2,0.16,0.057,0,0,0.256927839,0.046201222,89247759637,117.3376795
0.2,0.16,0.057,0,1,0.914061772,0.044450631,1.23114E+11,133.1978051
0.2,0.16,0.05,1,0,5.05412365,0.022864659,68601600989,150.6460808
0.2,0.16,0.05,1,1,6.22170241,0.021144078,36415881907,176.392012
0.2,0.16,0.05,0,0,2.461906601,0.031875144,63134403064,106.0666557
0.2,0.16,0.05,0,1,3.68982414,0.026078862,94021585717,151.7020465
0.2,0.2,0.055,1,0,3.5078677,0.031640686,77406059073,132.1716
0.2,0.2,0.055,1,1,4.221218616,0.029587854,62109739531,141.2776804
0.2,0.2,0.055,0,0,1.744883564,0.04174206,78705070220,105.6734686
0.2,0.2,0.055,0,1,2.575444508,0.036529138,1.02672E+11,145.6479427
0.2,0.2,0.057,1,0,2.390321012,0.038858069,90050364980,138.1679748
0.2,0.2,0.057,1,1,2.978324306,0.036007517,74731050157,138.8154775
0.2,0.2,0.057,0,0,0.985832083,0.047726371,88807267811,114.9868161
0.2,0.2,0.057,0,1,1.669139213,0.043411108,1.16108E+11,134.6728252
0.2,0.2,0.05,1,0,6.291385342,0.022065834,42202262999,154.4954981
0.2,0.2,0.05,1,1,7.427829273,0.020345069,33306979908,185.5778136
0.2,0.2,0.05,0,0,3.716854385,0.032559539,83175097843,113.7232219
0.2,0.2,0.05,0,1,4.974941276,0.025507596,96385247807,158.169235
0.2,0.22,0.055,1,0,3.939922861,0.030816556,71554321460,148.2261212
0.2,0.22,0.055,1,1,4.670570297,0.028425913,57960750321,149.7521235
0.2,0.22,0.055,0,0,2.194344791,0.041571981,75531117374,128.9318837
0.2,0.22,0.055,0,1,3.052532976,0.03540626,96602556468,140.6455523
0.2,0.22,0.057,1,0,2.737946899,0.038078357,83161402197,134.041666
0.2,0.22,0.057,1,1,3.321157879,0.035131718,71003698996,152.3731017
0.2,0.22,0.057,0,0,1.333001046,0.04806722,86167497164,105.8775025
0.2,0.22,0.057,0,1,2.000563944,0.043290321,1.08681E+11,119.9467353
0.2,0.22,0.05,1,0,6.959523444,0.021044007,39889065117,168.3104026
0.2,0.22,0.05,1,1,7.996310432,0.020099372,25950134059,166.0565148
0.2,0.22,0.05,0,0,4.329728863,0.032602519,86669583068,135.1991441
0.2,0.22,0.05,0,1,5.603917094,0.025081837,98338205332,149.15993
0.2,0.24,0.055,1,0,4.362049652,0.030002588,68208835453,157.582559
0.2,0.24,0.055,1,1,5.096752123,0.027476389,54599427769,146.1084862
0.2,0.24,0.055,0,0,2.604565557,0.041652474,75130784182,119.4888238
0.2,0.24,0.055,0,1,3.467240918,0.034994678,98915943254,139.0688586
0.2,0.24,0.057,1,0,3.127222793,0.036493957,78681558081,139.9180766
0.2,0.24,0.057,1,1,3.684222051,0.033874732,66963715123,148.792485
0.2,0.24,0.057,0,0,1.69439175,0.047838045,85046870982,105.7902272
0.2,0.24,0.057,0,1,2.40098576,0.041817983,1.03898E+11,120.0149772
0.2,0.24,0.05,1,0,7.519985964,0.020860807,38661095282,153.5481281
0.2,0.24,0.05,1,1,8.592693983,0.019523499,23181205973,169.0239871
0.2,0.24,0.05,0,0,4.939704607,0.032407617,90140985159,115.4263188
0.2,0.24,0.05,0,1,6.203112849,0.02480285,49585939532,152.9233601
0.2,0.26,0.055,1,0,4.788329624,0.029028057,66989146003,159.2489651
0.2,0.26,0.055,1,1,5.497649607,0.02677832,51512096344,162.890203
0.2,0.26,0.055,0,0,3.024322618,0.041327806,75267492545,134.7150593
0.2,0.26,0.055,0,1,3.912464538,0.033970163,99583155429,148.2351841
0.2,0.26,0.057,1,0,3.465828183,0.035610605,76358744798,145.9305106
0.2,0.26,0.057,1,1,4.044087654,0.032606517,63158841935,162.5703944
0.2,0.26,0.057,0,0,2.055123731,0.047328338,83725364192,106.7547638
0.2,0.26,0.057,0,1,2.76121154,0.040862292,1.01993E+11,131.1691794
0.2,0.26,0.05,1,0,8.12223773,0.020209992,29403796709,183.5888239
0.2,0.26,0.05,1,1,9.183405361,0.018925427,21326319262,171.9388626
0.2,0.26,0.05,0,0,5.540942304,0.032059357,96711428985,135.9529564
0.2,0.26,0.05,0,1,6.851606279,0.023855876,46316589274,176.8556716
0.2,0.28,0.055,1,0,5.250603768,0.027516686,66651668553,155.9291765
0.2,0.28,0.055,1,1,5.948764473,0.025410733,46959731428,150.9529391
0.2,0.28,0.055,0,0,3.459663739,0.04052021,82721543466,131.4188941
0.2,0.28,0.055,0,1,4.350728896,0.032889468,98166625172,155.3368822
0.2,0.28,0.057,1,0,3.82858391,0.034263514,73197677054,147.8763715
0.2,0.28,0.057,1,1,4.416386084,0.031114706,59417156593,160.7755119
0.2,0.28,0.057,0,0,2.410958441,0.046650597,81457083153,133.1618979
0.2,0.28,0.057,0,1,3.108178718,0.039977686,1.02186E+11,138.4142018
0.2,0.28,0.05,1,0,8.787402564,0.018959193,27145252577,163.1984484
0.2,0.28,0.05,1,1,9.754735368,0.018423606,20392479422,160.4215969
0.2,0.28,0.05,0,0,6.130057804,0.03162704,34271612142,164.7908109
0.2,0.28,0.05,0,1,7.418540568,0.023592607,37767119688,146.4168683
0.2,0.3,0.055,1,0,5.666835374,0.026528376,66558346384,152.7846634
0.2,0.3,0.055,1,1,6.336128054,0.024767917,33202319903,181.2862097
0.2,0.3,0.055,0,0,3.87900716,0.039715657,91463108805,139.082992
0.2,0.3,0.055,0,1,4.763823689,0.032047361,97144864883,148.9782125
0.2,0.3,0.057,1,0,4.19249412,0.032845559,70245304508,163.6847418
0.2,0.3,0.057,1,1,4.75184298,0.030141143,55170822432,160.1980925
0.2,0.3,0.057,0,0,2.748297529,0.046051509,81937708484,111.4842684
0.2,0.3,0.057,0,1,3.466709097,0.038758113,1.03672E+11,150.9215329
0.2,0.3,0.05,1,0,9.314370739,0.018796133,26718424929,204.2671933
0.2,0.3,0.05,1,1,10.33958066,0.017765293,19431649829,161.8625929
0.2,0.3,0.05,0,0,6.791527166,0.030163739,32988387709,123.9927696
0.2,0.3,0.05,0,1,8.096348616,0.022103426,35081893149,159.8506409
0.2,0.08,0.055,1,0,0.81818508,0.034529035,1.06621E+11,128.879688
0.2,0.08,0.055,1,1,1.597553473,0.032984183,90600492523,144.7267557
0.2,0.08,0.055,0,0,-0.753831572,0.034448637,83573669470,120.3344792
0.2,0.08,0.055,0,1,-0.03729033,0.036106699,1.32543E+11,136.052026
0.2,0.08,0.057,1,0,0.232466404,0.040328033,1.15563E+11,115.5544043
0.2,0.08,0.057,1,1,0.779425389,0.040442112,1.09031E+11,141.4416457
0.2,0.08,0.057,0,0,-1.024602837,0.037354288,89249106955,120.9450994
0.2,0.08,0.057,0,1,-0.428414067,0.040395344,1.43097E+11,111.6839068
0.2,0.08,0.05,1,0,2.48765031,0.023397142,81125899797,149.2167819
0.2,0.08,0.05,1,1,3.702302104,0.022165386,63873833712,161.7391125
0.2,0.08,0.05,0,0,-0.066808048,0.028084509,67699417391,112.6945716
0.2,0.08,0.05,0,1,1.144254594,0.02527651,98420088316,135.8365826
0.16,0.18,0.055,1,0,2.603488049,0.034006544,82593465985,145.3283013
0.16,0.18,0.055,1,1,3.445757893,0.031717597,90471220629,145.26473
0.16,0.18,0.055,0,0,1.294488523,0.041564405,80201404265,121.9101369
0.16,0.18,0.055,0,1,1.697320179,0.039021914,78306785993,136.6921921
0.16,0.18,0.057,1,0,1.664494693,0.041305938,96770228271,136.0217658
0.16,0.18,0.057,1,1,2.299855923,0.039097256,1.08849E+11,147.5016758
0.16,0.18,0.057,0,0,0.597228096,0.047431454,90979293164,118.5918516
0.16,0.18,0.057,0,1,0.920948122,0.045985715,91348412720,131.6699301
0.16,0.18,0.05,1,0,5.032141129,0.023365171,75452235799,147.233254
0.16,0.18,0.05,1,1,6.242667064,0.022461326,48701809800,155.3545712
0.16,0.18,0.05,0,0,3.026882812,0.032931577,66262415177,129.2208718
0.16,0.18,0.05,0,1,3.679571718,0.028532751,71383415107,133.2119382
0.16,0.1,0.055,1,0,0.81900914,0.035349182,99059403239,124.1177138
0.16,0.1,0.055,1,1,1.698758602,0.033450848,1.13513E+11,128.0880623
0.16,0.1,0.055,0,0,-0.496354485,0.036682892,79531653850,111.3449213
0.16,0.1,0.055,0,1,-0.054195175,0.037426167,84822969242,125.1368352
0.16,0.1,0.057,1,0,0.213930405,0.041588203,1.11995E+11,130.1543314
0.16,0.1,0.057,1,1,0.849823644,0.041218774,1.36344E+11,133.8529517
0.16,0.1,0.057,0,0,-0.831698003,0.039250004,85430069879,112.8626389
0.16,0.1,0.057,0,1,-0.486605183,0.042200239,1.04552E+11,112.2916549
0.16,0.1,0.05,1,0,2.453190784,0.02394259,73726172365,152.0285185
0.16,0.1,0.05,1,1,3.738797648,0.023412834,83705681923,154.7676869
0.16,0.1,0.05,0,0,0.524602276,0.029515021,64365049497,118.5289703
0.16,0.1,0.05,0,1,1.097323956,0.027616621,63587390180,135.4176398
0.16,0.12,0.055,1,0,1.280325793,0.035014093,97124494959,137.6851411
0.16,0.12,0.055,1,1,2.103384157,0.033675954,1.13095E+11,143.800823
0.16,0.12,0.055,0,0,-0.047833524,0.038816182,82491476287,96.33918469
0.16,0.12,0.055,0,1,0.374715386,0.038222421,85446516620,126.6495912
0.16,0.12,0.057,1,0,0.54015771,0.042552909,1.13802E+11,134.8366927
0.16,0.12,0.057,1,1,1.211169515,0.041076889,1.34161E+11,137.770436
0.16,0.12,0.057,0,0,-0.503676908,0.042434632,90206801739,113.2447947
0.16,0.12,0.057,0,1,-0.126688015,0.04350646,97514654977,108.8520939
0.16,0.12,0.05,1,0,3.133672962,0.023742016,72351765123,136.6641976
0.16,0.12,0.05,1,1,4.398650797,0.023105123,81784919953,143.1028157
0.16,0.12,0.05,0,0,1.182358218,0.030208726,65707255014,114.4592033
0.16,0.12,0.05,0,1,1.733923301,0.027989603,63888387486,145.2214017
0.16,0.14,0.055,1,0,1.729561133,0.034660463,93971567725,123.4621141
0.16,0.14,0.055,1,1,2.573104532,0.032909888,97678102616,124.2895486
0.16,0.14,0.055,0,0,0.426026185,0.039973778,82202208188,117.8449995
0.16,0.14,0.055,0,1,0.817935937,0.038741795,84381844093,116.9187779
0.16,0.14,0.057,1,0,0.913839922,0.042528319,1.04871E+11,134.8440088
0.16,0.14,0.057,1,1,1.562861958,0.040789767,1.16452E+11,138.7634659
0.16,0.14,0.057,0,0,-0.138844832,0.044774477,89168227833,116.4056294
0.16,0.14,0.057,0,1,0.160613576,0.045292076,94117987656,130.2497572
0.16,0.14,0.05,1,0,3.739572039,0.024034875,75074973793,154.6672479
0.16,0.14,0.05,1,1,5.017278989,0.023002393,80713423054,136.5715356
0.16,0.14,0.05,0,0,1.771074369,0.031535539,67385254123,126.3982535
0.16,0.14,0.05,0,1,2.39262252,0.02829617,64335476498,138.0321672
0.16,0.16,0.055,1,0,2.160292591,0.034481353,84713151457,142.4662472
0.16,0.16,0.055,1,1,2.999994367,0.032515143,93708318567,147.4727024
0.16,0.16,0.055,0,0,0.826604166,0.041361474,80329648808,102.6267853
0.16,0.16,0.055,0,1,1.266053064,0.038885864,78635137311,130.5361353
0.16,0.16,0.057,1,0,1.290218891,0.042031457,99448881297,136.0694001
0.16,0.16,0.057,1,1,1.955476941,0.039636249,1.11672E+11,140.612168
0.16,0.16,0.057,0,0,0.229349088,0.046403734,89590136369,117.5537837
0.16,0.16,0.057,0,1,0.567785777,0.045501425,91052696616,122.2634386
0.16,0.16,0.05,1,0,4.371635152,0.023912507,75566971367,141.1051217
0.16,0.16,0.05,1,1,5.650650221,0.022610029,69476049021,141.34051
0.16,0.16,0.05,0,0,2.445005932,0.03196372,63793925000,114.58005
0.16,0.16,0.05,0,1,3.005846353,0.028856071,60914384115,150.8986749
0.16,0.2,0.055,1,0,3.044740027,0.033371425,80672292162,137.7497495
0.16,0.2,0.055,1,1,3.866627886,0.031104293,86277434011,143.0147375
0.16,0.2,0.055,0,0,1.732591951,0.041813873,79812904580,110.5827829
0.16,0.2,0.055,0,1,2.121479269,0.039092114,77968756509,143.2462539
0.16,0.2,0.057,1,0,2.015621113,0.040757086,93684939359,132.7587733
0.16,0.2,0.057,1,1,2.694756282,0.037611538,97124570132,141.7206934
0.16,0.2,0.057,0,0,0.962989223,0.04795418,89403608338,119.5170942
0.16,0.2,0.057,0,1,1.300548804,0.045669695,88908334755,133.5122494
0.16,0.2,0.05,1,0,5.661687767,0.022945184,76804532442,150.6934073
0.16,0.2,0.05,1,1,6.915736727,0.021464489,46184227951,158.85639
0.16,0.2,0.05,0,0,3.677013574,0.03291206,82549871088,108.826523
0.16,0.2,0.05,0,1,4.308559757,0.028440722,77229130425,132.6037803
0.16,0.22,0.055,1,0,3.50795866,0.03227354,75416919656,131.1348104
0.16,0.22,0.055,1,1,4.297379209,0.030233481,77824661036,152.9652834
0.16,0.22,0.055,0,0,2.126923606,0.042396683,76469804158,124.8555264
0.16,0.22,0.055,0,1,2.606270231,0.038090731,72120007763,128.0418752
0.16,0.22,0.057,1,0,2.405410606,0.039432456,85392277453,135.7100267
0.16,0.22,0.057,1,1,3.025380524,0.037013582,93009574557,149.094205
0.16,0.22,0.057,0,0,1.274351539,0.04885695,87162199557,99.18855178
0.16,0.22,0.057,0,1,1.67515215,0.045109654,83779192158,132.5889572
0.16,0.22,0.05,1,0,6.292374595,0.022369797,41619771225,177.641652
0.16,0.22,0.05,1,1,7.49532557,0.021174835,45039001371,153.4659637
0.16,0.22,0.05,0,0,4.296181265,0.032903045,88947495716,121.6629293
0.16,0.22,0.05,0,1,4.930851777,0.028200495,78696811761,155.3572442
0.16,0.24,0.055,1,0,3.916131959,0.03176549,74757244326,138.9914076
0.16,0.24,0.055,1,1,4.746744815,0.029042137,73968396673,156.2708098
0.16,0.24,0.055,0,0,2.5933664,0.041728562,75439863330,110.0363172
0.16,0.24,0.055,0,1,3.036448516,0.037621453,70898034805,140.5830257
0.16,0.24,0.057,1,0,2.77257146,0.038327448,81877864420,136.7350372
0.16,0.24,0.057,1,1,3.426102863,0.03521542,87769494977,143.0634584
0.16,0.24,0.057,0,0,1.654971003,0.048363008,85847099762,119.3456878
0.16,0.24,0.057,0,1,2.045754081,0.044350247,81654127367,131.8448245
0.16,0.24,0.05,1,0,6.930003761,0.021594596,39087690088,173.7684324
0.16,0.24,0.05,1,1,8.109681229,0.020490539,34287269393,171.1454311
0.16,0.24,0.05,0,0,4.919754232,0.032566875,93441098137,127.9452048
0.16,0.24,0.05,0,1,5.557269461,0.027707185,75209608973,148.9391334
0.16,0.26,0.055,1,0,4.359851127,0.030655201,76591025715,151.0534977
0.16,0.26,0.055,1,1,5.166654906,0.028131181,70965296283,162.1248789
0.16,0.26,0.055,0,0,3.000363188,0.041589393,76018023451,108.3939903
0.16,0.26,0.055,0,1,3.479578598,0.036745707,75777633433,132.640852
0.16,0.26,0.057,1,0,3.137866491,0.037131803,79252621909,136.117934
0.16,0.26,0.057,1,1,3.772758683,0.03417957,84410744676,151.8201422
0.16,0.26,0.057,0,0,2.008437337,0.047990943,84740352252,103.5884676
0.16,0.26,0.057,0,1,2.412970691,0.043440007,79639789150,129.7552652
0.16,0.26,0.05,1,0,7.489066741,0.02142415,36788321952,171.1503972
0.16,0.26,0.05,1,1,8.698097562,0.019947705,32070409141,164.6872375
0.16,0.26,0.05,0,0,5.493016332,0.032542553,1.02807E+11,108.2368207
0.16,0.26,0.05,0,1,6.210298779,0.026727914,37187997048,140.4021512
0.16,0.28,0.055,1,0,4.799268925,0.029501334,76550932334,162.889013
0.16,0.28,0.055,1,1,5.611440191,0.026862495,67256482481,143.2697923
0.16,0.28,0.055,0,0,3.463363377,0.040384247,82649163150,119.9741561
0.16,0.28,0.055,0,1,3.882141969,0.036274364,83053883485,148.9769003
0.16,0.28,0.057,1,0,3.4704111,0.036341176,78098593713,142.5799455
0.16,0.28,0.057,1,1,4.148400727,0.032648088,80042242544,145.8289232
0.16,0.28,0.057,0,0,2.398710048,0.046751941,82722845975,116.217745
0.16,0.28,0.057,0,1,2.746688315,0.042910782,78705790730,135.3939834
0.16,0.28,0.05,1,0,8.092786676,0.020742255,29274574072,178.3594178
0.16,0.28,0.05,1,1,9.337048228,0.018905405,30092267501,178.5325069
0.16,0.28,0.05,0,0,6.160432379,0.031216129,34476104018,132.9761015
0.16,0.28,0.05,0,1,6.758385709,0.026749184,31564182553,153.1136713
0.16,0.3,0.055,1,0,5.242504275,0.028205857,74860649350,145.4316141
0.16,0.3,0.055,1,1,6.065270237,0.025450101,45679897304,154.7944172
0.16,0.3,0.055,0,0,3.849247171,0.040074077,93074643371,107.866947
0.16,0.3,0.055,0,1,4.318958877,0.035133055,83432649135,147.4263486
0.16,0.3,0.057,1,0,3.832031978,0.034995233,77405137516,144.5577613
0.16,0.3,0.057,1,1,4.503207331,0.031382931,76333116707,140.0459695
0.16,0.3,0.057,0,0,2.711884793,0.046567102,82183916388,122.9978856
0.16,0.3,0.057,0,1,3.108588106,0.041724374,77465848836,137.256685
0.16,0.3,0.05,1,0,8.6825069,0.020097109,28138124117,162.63782
0.16,0.3,0.05,1,1,9.831984807,0.018988263,29880568530,167.9985065
0.16,0.3,0.05,0,0,6.671774215,0.031476292,34281028991,132.5077027
0.16,0.3,0.05,0,1,7.360160918,0.026013482,30476835276,180.9795588
0.16,0.08,0.055,1,0,0.419682656,0.034616032,1.06265E+11,128.8175446
0.16,0.08,0.055,1,1,1.221485866,0.034035186,1.17951E+11,142.200507
0.16,0.08,0.055,0,0,-0.899917964,0.033570218,81963092479,121.4722059
0.16,0.08,0.055,0,1,-0.442793507,0.036093772,96942494942,133.0771733
0.16,0.08,0.057,1,0,-0.13076769,0.040406299,1.16448E+11,119.9470058
0.16,0.08,0.057,1,1,0.493062141,0.04093491,1.3697E+11,133.1951248
0.16,0.08,0.057,0,0,-1.150472989,0.03582483,89658673003,109.0581607
0.16,0.08,0.057,0,1,-0.80135479,0.039755167,1.23926E+11,117.6620058
0.16,0.08,0.05,1,0,1.847405932,0.023364265,79091601374,139.153534
0.16,0.08,0.05,1,1,3.126635614,0.023123662,91974179001,143.9013339
0.16,0.08,0.05,0,0,-0.089542641,0.028137772,66412268856,116.8174683
0.16,0.08,0.05,0,1,0.451903232,0.027609559,68554822663,125.7894161
0.18,0.18,0.055,1,0,2.80831346,0.033553823,82119105632,146.9977529
0.18,0.18,0.055,1,1,3.627386357,0.030943141,84195219180,143.4936025
0.18,0.18,0.055,0,0,1.307096521,0.041431624,79839572072,122.1301779
0.18,0.18,0.055,0,1,1.907014626,0.037982992,1.01393E+11,136.5918768
0.18,0.18,0.057,1,0,1.838958142,0.040630883,95893184058,136.4362386
0.18,0.18,0.057,1,1,2.460620071,0.038033654,1.00552E+11,146.7602133
0.18,0.18,0.057,0,0,0.600899342,0.047401651,90685143928,106.8675363
0.18,0.18,0.057,0,1,1.102200381,0.045049398,1.16111E+11,133.0138396
0.18,0.18,0.05,1,0,5.328640225,0.023137487,73031065140,142.987621
0.18,0.18,0.05,1,1,6.561333508,0.021379246,44267253870,151.6619077
0.18,0.18,0.05,0,0,3.055911768,0.032661515,66236900547,129.5164425
0.18,0.18,0.05,0,1,3.993779291,0.027116284,95713845165,156.7515517
0.18,0.1,0.055,1,0,1.033718183,0.035077164,99113982900,140.99167
0.18,0.1,0.055,1,1,1.897211914,0.032730034,1.05742E+11,124.1281992
0.18,0.1,0.055,0,0,-0.435808551,0.036341591,78578266261,112.1949658
0.18,0.1,0.055,0,1,0.135823129,0.037306168,1.15261E+11,136.4038634
0.18,0.1,0.057,1,0,0.358720483,0.04180419,1.13703E+11,132.466716
0.18,0.1,0.057,1,1,0.997174688,0.040754916,1.2877E+11,129.0455081
0.18,0.1,0.057,0,0,-0.823554018,0.040010634,91997889860,106.4253965
0.18,0.1,0.057,0,1,-0.315275605,0.042388403,1.32551E+11,116.2780687
0.18,0.1,0.05,1,0,2.813811094,0.023529572,72653249130,151.6207118
0.18,0.1,0.05,1,1,4.047076136,0.02266806,76777368216,155.8174266
0.18,0.1,0.05,0,0,0.535324849,0.029440689,64541669008,123.2354713
0.18,0.1,0.05,0,1,1.430780592,0.026408461,86483692579,139.5866876
0.18,0.12,0.055,1,0,1.516521276,0.034374436,96253269019,127.716276
0.18,0.12,0.055,1,1,2.333401545,0.032484941,1.04595E+11,140.4905528
0.18,0.12,0.055,0,0,-0.045058023,0.038823862,82219302897,94.40618152
0.18,0.12,0.055,0,1,0.598485433,0.037595123,1.12658E+11,128.4753981
0.18,0.12,0.057,1,0,0.71106684,0.042377355,1.14514E+11,134.946442
0.18,0.12,0.057,1,1,1.394313819,0.039911267,1.20235E+11,123.7272504
0.18,0.12,0.057,0,0,-0.462475223,0.042307402,91112211073,116.2646417
0.18,0.12,0.057,0,1,0.019596848,0.043676859,1.31274E+11,128.0377037
0.18,0.12,0.05,1,0,3.460908694,0.02351554,71830849192,144.0770446
0.18,0.12,0.05,1,1,4.703787061,0.022313967,75278803598,145.5333113
0.18,0.12,0.05,0,0,1.14829613,0.030522723,66892080275,110.7029852
0.18,0.12,0.05,0,1,2.062586546,0.026835161,87712552682,149.3767311
0.18,0.14,0.055,1,0,1.960088104,0.034045578,92859970188,124.0470432
0.18,0.14,0.055,1,1,2.746574841,0.032363203,90694889939,138.7768011
0.18,0.14,0.055,0,0,0.433976706,0.039913563,82046734391,117.62896
0.18,0.14,0.055,0,1,1.024559697,0.038077299,1.11051E+11,131.5007932
0.18,0.14,0.057,1,0,1.087403099,0.042126988,1.04057E+11,135.9329953
0.18,0.14,0.057,1,1,1.729589391,0.039765564,1.08115E+11,138.9064734
0.18,0.14,0.057,0,0,-0.126765496,0.044690153,89073812429,117.0287766
0.18,0.14,0.057,0,1,0.335416939,0.045026567,1.2193E+11,132.0141547
0.18,0.14,0.05,1,0,4.082872526,0.023556157,72953544664,158.778138
0.18,0.14,0.05,1,1,5.304504876,0.022294364,74455309832,150.7378597
0.18,0.14,0.05,0,0,1.801409227,0.031289713,67248896017,127.0150186
0.18,0.14,0.05,0,1,2.718490219,0.027014528,87860570948,145.072873
0.18,0.16,0.055,1,0,2.397107603,0.033706904,83422516637,124.1605562
0.18,0.16,0.055,1,1,3.190899549,0.031680812,87099645720,135.827863
0.18,0.16,0.055,0,0,0.847570718,0.04113985,79305771945,100.8950339
0.18,0.16,0.055,0,1,1.490699352,0.037771338,1.0086E+11,131.8140033
0.18,0.16,0.057,1,0,1.464347434,0.041484506,98851277215,136.3488563
0.18,0.16,0.057,1,1,2.094157846,0.038987073,1.0469E+11,143.7031345
0.18,0.16,0.057,0,0,0.238381975,0.046328593,89300715601,117.7922125
0.18,0.16,0.057,0,1,0.718539639,0.045274905,1.17696E+11,132.9383632
0.18,0.16,0.05,1,0,4.729925913,0.023201672,72467866057,154.2904236
0.18,0.16,0.05,1,1,5.91377166,0.022068179,64061245522,156.5448336
0.18,0.16,0.05,0,0,2.450674558,0.031930067,63473185471,113.307394
0.18,0.16,0.05,0,1,3.358732483,0.027145868,91373149217,154.7246123
0.18,0.2,0.055,1,0,3.249443242,0.032830582,79822217643,128.7270246
0.18,0.2,0.055,1,1,4.072631947,0.029965467,77740348682,157.0279924
0.18,0.2,0.055,0,0,1.736241838,0.041789877,79415975723,109.1330116
0.18,0.2,0.055,0,1,2.346799886,0.037716146,1.00115E+11,124.2779979
0.18,0.2,0.057,1,0,2.210936594,0.039656785,91826990414,137.2292363
0.18,0.2,0.057,1,1,2.831363702,0.036886348,89779393238,147.8113812
0.18,0.2,0.057,0,0,0.935634738,0.048373701,89395519922,116.7204126
0.18,0.2,0.057,0,1,1.480781345,0.04453777,1.12306E+11,132.6685215
0.18,0.2,0.05,1,0,5.956212256,0.022667855,42827345700,170.6907511
0.18,0.2,0.05,1,1,7.200538705,0.02064454,42333403255,167.220925
0.18,0.2,0.05,0,0,3.7023171,0.032666836,83479966527,118.1451081
0.18,0.2,0.05,0,1,4.614517053,0.027033731,99179289211,139.1414888
0.18,0.22,0.055,1,0,3.71923306,0.031567517,73319064820,145.8282157
0.18,0.22,0.055,1,1,4.516254599,0.028917177,71169881743,142.8137315
0.18,0.22,0.055,0,0,2.149110684,0.042120381,75887213369,127.7982185
0.18,0.22,0.055,0,1,2.791632208,0.037161362,93177780171,146.4194414
0.18,0.22,0.057,1,0,2.575342952,0.038657688,84207982913,128.6310774
0.18,0.22,0.057,1,1,3.199166467,0.035658665,85649222844,149.8591685
0.18,0.22,0.057,0,0,1.324240432,0.048113501,86087188903,101.2628657
0.18,0.22,0.057,0,1,1.834839785,0.044155289,1.05725E+11,137.5342269
0.18,0.22,0.05,1,0,6.635673671,0.021586318,40449494431,150.7822045
0.18,0.22,0.05,1,1,7.777203947,0.020357034,41012317929,171.6117862
0.18,0.22,0.05,0,0,4.279107872,0.033105428,88297163294,131.7501492
0.18,0.22,0.05,0,1,5.269869847,0.026368645,1.00205E+11,146.8596308
0.18,0.24,0.055,1,0,4.148918799,0.030717321,70905238425,150.907322
0.18,0.24,0.055,1,1,4.931952888,0.028119665,68226993947,153.9467281
0.18,0.24,0.055,0,0,2.615412112,0.041440842,74797784457,119.2385112
0.18,0.24,0.055,0,1,3.270266973,0.035891847,95969462142,133.5041789
0.18,0.24,0.057,1,0,2.922178256,0.037820743,81407001618,141.4253405
0.18,0.24,0.057,1,1,3.563763519,0.034409674,81914990608,149.9029709
0.18,0.24,0.057,0,0,1.658707964,0.048328613,85582081408,118.7468711
0.18,0.24,0.057,0,1,2.190603279,0.043539517,1.03577E+11,141.2332311
0.18,0.24,0.05,1,0,7.224415012,0.021203716,38802918609,170.8932629
0.18,0.24,0.05,1,1,8.430053875,0.019324568,30466474351,179.7054187
0.18,0.24,0.05,0,0,4.932468334,0.03244319,92856844380,125.9970202
0.18,0.24,0.05,0,1,5.879014294,0.026025039,95168750490,161.1238763
0.18,0.26,0.055,1,0,4.569556523,0.029862615,71771729526,143.0404525
0.18,0.26,0.055,1,1,5.371879187,0.026964298,64931930650,148.285182
0.18,0.26,0.055,0,0,3.006856461,0.041515289,75448399628,119.9800744
0.18,0.26,0.055,0,1,3.684034284,0.035381822,1.0116E+11,131.6805312
0.18,0.26,0.057,1,0,3.291134756,0.036508444,78169915529,153.779019
0.18,0.26,0.057,1,1,3.922236627,0.033179976,78340095679,151.525054
0.18,0.26,0.057,0,0,2.054547685,0.047257663,83573836196,122.3676316
0.18,0.26,0.057,0,1,2.58246223,0.042116833,99667019590,125.3123899
0.18,0.26,0.05,1,0,7.841388404,0.0204724,29545740455,147.9458085
0.18,0.26,0.05,1,1,8.932963791,0.019493135,29466791013,154.2445767
0.18,0.26,0.05,0,0,5.495354385,0.032531778,1.01431E+11,134.5866227
0.18,0.26,0.05,0,1,6.479603921,0.025601303,48131577245,162.430836
0.18,0.28,0.055,1,0,5.023756245,0.028477628,72142303441,151.5366291
0.18,0.28,0.055,1,1,5.764912366,0.026302336,62456407396,150.0155339
0.18,0.28,0.055,0,0,3.436099258,0.040801567,82116055422,110.8920501
0.18,0.28,0.055,0,1,4.138224378,0.034105681,1.00003E+11,143.6127039
0.18,0.28,0.057,1,0,3.648434413,0.035276505,75500871342,158.5467495
0.18,0.28,0.057,1,1,4.280916291,0.031898544,74712915806,153.3229201
0.18,0.28,0.057,0,0,2.381357234,0.047064166,82822492608,110.6407117
0.18,0.28,0.057,0,1,2.926095677,0.041347496,98894407784,149.2892394
0.18,0.28,0.05,1,0,8.413412313,0.02004014,28446233096,174.5762414
0.18,0.28,0.05,1,1,9.577900477,0.018381787,27674025534,164.2914563
0.18,0.28,0.05,0,0,6.085884114,0.032086501,35250240524,146.7041112
0.18,0.28,0.05,0,1,7.096763443,0.024862148,38665286569,149.7894025
0.18,0.3,0.055,1,0,5.453121913,0.027335374,71073149277,167.2087403
0.18,0.3,0.055,1,1,6.196514672,0.025151464,42938500111,157.5470732
0.18,0.3,0.055,0,0,3.85666487,0.039981365,93028310881,121.0157323
0.18,0.3,0.055,0,1,4.544581569,0.033388547,99906327518,144.110663
0.18,0.3,0.057,1,0,4.010063378,0.033905925,73349454385,160.6915991
0.18,0.3,0.057,1,1,4.65027235,0.030426506,70726874330,144.4736902
0.18,0.3,0.057,0,0,2.739221514,0.046123564,81413276885,108.9646998
0.18,0.3,0.057,0,1,3.297054325,0.039957474,1.03556E+11,149.5912323
0.18,0.3,0.05,1,0,9.000816483,0.019391896,27298117606,167.3546905
0.18,0.3,0.05,1,1,10.09479268,0.018279563,27062592301,164.7291287
0.18,0.3,0.05,0,0,6.67900748,0.031406936,34121888388,130.5254149
0.18,0.3,0.05,0,1,7.7335823,0.023744344,36525480261,165.1230569
0.18,0.08,0.055,1,0,0.63379127,0.034425042,1.06371E+11,119.1757157
0.18,0.08,0.055,1,1,1.439482216,0.033134552,1.08003E+11,140.886251
0.18,0.08,0.055,0,0,-0.80440599,0.033747947,84898519147,116.1144874
0.18,0.08,0.055,0,1,-0.235054846,0.036070536,1.27556E+11,134.0970091
0.18,0.08,0.057,1,0,0.064658861,0.040267463,1.15964E+11,114.4030802
0.18,0.08,0.057,1,1,0.660993884,0.040371844,1.27882E+11,127.5546136
0.18,0.08,0.057,0,0,-1.123197686,0.036759989,88544057585,121.0579947
0.18,0.08,0.057,0,1,-0.626775784,0.04020546,1.39364E+11,106.0212849
0.18,0.08,0.05,1,0,2.168209135,0.023364297,79460910063,145.9650477
0.18,0.08,0.05,1,1,3.4485626,0.022361234,81639769697,137.7284211
0.18,0.08,0.05,0,0,-0.130067109,0.028441898,68265570908,115.1939916
0.18,0.08,0.05,0,1,0.792013265,0.02644922,94981729886,133.4469795
0.22,0.18,0.055,1,0,3.259345517,0.03211258,84423980711,141.0210341
0.22,0.18,0.055,1,1,3.938305001,0.030094714,14543107260,153.0984296
0.22,0.18,0.055,0,0,1.412567838,0.040961476,82731561155,137.2977932
0.22,0.18,0.055,0,1,2.400447496,0.035604715,1.01932E+11,124.4133399
0.22,0.18,0.057,1,0,2.203592784,0.038936026,96066350440,139.0463147
0.22,0.18,0.057,1,1,2.730274744,0.036756052,19668981147,142.6888312
0.22,0.18,0.057,0,0,0.681258884,0.047439036,94838045192,132.5740196
0.22,0.18,0.057,0,1,1.490136638,0.043130312,1.2001E+11,131.9503258
0.22,0.18,0.05,1,0,6.015254164,0.021946551,46116676695,170.1879577
0.22,0.18,0.05,1,1,7.050641222,0.020562398,6964750358,186.309097
0.22,0.18,0.05,0,0,3.287837043,0.030896999,67102896188,138.1126319
0.22,0.18,0.05,0,1,4.697151922,0.024918071,91941952361,148.6570503
0.22,0.1,0.055,1,0,1.527649051,0.033482154,1.01574E+11,124.9540943
0.22,0.1,0.055,1,1,2.222354218,0.032214382,23856062007,143.8092708
0.22,0.1,0.055,0,0,-0.260660496,0.036924022,82693714610,116.7769197
0.22,0.1,0.055,0,1,0.628345925,0.036193217,1.21142E+11,122.2501532
0.22,0.1,0.057,1,0,0.711559797,0.041313996,1.19516E+11,135.9654991
0.22,0.1,0.057,1,1,1.288176815,0.039779475,31486031631,138.8137173
0.22,0.1,0.057,0,0,-0.622147216,0.040948695,90584094986,115.6323343
0.22,0.1,0.057,0,1,0.063658441,0.042315921,1.37997E+11,123.2762607
0.22,0.1,0.05,1,0,3.495352416,0.022995386,79699226328,147.2859204
0.22,0.1,0.05,1,1,4.565935789,0.022038048,12602023373,156.690712
0.22,0.1,0.05,0,0,0.676608418,0.029064067,67774102914,141.6975223
0.22,0.1,0.05,0,1,2.119050248,0.024989519,89476812893,148.8042614
0.22,0.12,0.055,1,0,1.937453249,0.033654953,1.02615E+11,147.2017504
0.22,0.12,0.055,1,1,2.645617548,0.03198919,20381882126,153.2727475
0.22,0.12,0.055,0,0,0.111597048,0.038522164,87195021988,112.8245784
0.22,0.12,0.055,0,1,1.057885338,0.036461425,1.2064E+11,134.8397765
0.22,0.12,0.057,1,0,1.081390053,0.041211829,1.18061E+11,137.5330053
0.22,0.12,0.057,1,1,1.650804242,0.039223733,27834116384,140.1705638
0.22,0.12,0.057,0,0,-0.328308262,0.043267696,95244976603,105.6353211
0.22,0.12,0.057,0,1,0.35639286,0.043735986,1.41087E+11,120.3364794
0.22,0.12,0.05,1,0,4.144382692,0.022811179,77864295870,143.9817786
0.22,0.12,0.05,1,1,5.17248209,0.021982064,11407220314,164.1431996
0.22,0.12,0.05,0,0,1.354348916,0.02941136,68262762804,122.692907
0.22,0.12,0.05,0,1,2.793247587,0.024944452,89158304964,140.3687779
0.22,0.14,0.055,1,0,2.403178168,0.032997643,93999728202,133.7280686
0.22,0.14,0.055,1,1,3.100294916,0.031191301,18876289596,134.3814912
0.22,0.14,0.055,0,0,0.520809936,0.039989246,86918396961,134.065667
0.22,0.14,0.055,0,1,1.483133147,0.036603823,1.16436E+11,125.3180266
0.22,0.14,0.057,1,0,1.456432319,0.040669679,1.039E+11,138.3970604
0.22,0.14,0.057,1,1,2.006922578,0.038588293,24839698796,135.786327
0.22,0.14,0.057,0,0,-0.021542459,0.045058009,94117114145,122.5360883
0.22,0.14,0.057,0,1,0.756253728,0.043615859,1.27188E+11,123.048455
0.22,0.14,0.05,1,0,4.759288138,0.02275509,77515512041,161.4817121
0.22,0.14,0.05,1,1,5.809722494,0.021525652,10024036466,148.6148314
0.22,0.14,0.05,0,0,1.981300332,0.030300994,69526625037,142.5771688
0.22,0.14,0.05,0,1,3.437642619,0.025019123,94488553160,139.2451309
0.22,0.16,0.055,1,0,2.822405243,0.032761351,86728628006,150.6036793
0.22,0.16,0.055,1,1,3.509240253,0.030832915,16313417807,144.8363147
0.22,0.16,0.055,0,0,0.964208705,0.040692996,83046780485,130.5807501
0.22,0.16,0.055,0,1,1.933724096,0.036280299,1.04951E+11,144.9179783
0.22,0.16,0.057,1,0,1.839113661,0.039745752,98847696451,127.7918419
0.22,0.16,0.057,1,1,2.353649225,0.037972531,21683189307,139.4748096
0.22,0.16,0.057,0,0,0.314600595,0.046607634,93985544141,129.1818751
0.22,0.16,0.057,0,1,1.115440556,0.043652202,1.22789E+11,132.2689347
0.22,0.16,0.05,1,0,5.374001239,0.022543204,69698484068,155.6124366
0.22,0.16,0.05,1,1,6.451998933,0.020916036,7639005699,181.1978564
0.22,0.16,0.05,0,0,2.635670327,0.030751994,64624984980,144.2516954
0.22,0.16,0.05,0,1,4.067059826,0.025065257,92192081858,153.9486851
0.22,0.2,0.055,1,0,3.733264918,0.030836998,79623785341,145.0708478
0.22,0.2,0.055,1,1,4.388857074,0.028968583,13408859619,162.0253693
0.22,0.2,0.055,0,0,1.880475176,0.040697211,81398566648,136.1184579
0.22,0.2,0.055,0,1,2.821178579,0.035402303,1.01187E+11,145.5704092
0.22,0.2,0.057,1,0,2.547422457,0.038311679,91764048957,150.8568311
0.22,0.2,0.057,1,1,3.091850568,0.035650121,17624128477,145.5557409
0.22,0.2,0.057,0,0,1.052803546,0.047704743,92660173215,134.3478422
0.22,0.2,0.057,0,1,1.838013971,0.042814065,1.15989E+11,141.0323352
0.22,0.2,0.05,1,0,6.667915428,0.021131062,43432331694,155.297953
0.22,0.2,0.05,1,1,7.672259505,0.019915008,6576351690,163.5607186
0.22,0.2,0.05,0,0,3.903442952,0.031119021,79622993892,129.7445188
0.22,0.2,0.05,0,1,5.31041989,0.024760248,94154613481,146.5742215
0.22,0.22,0.055,1,0,4.174647782,0.029851102,72610652566,143.4323179
0.22,0.22,0.055,1,1,4.810073972,0.028138322,12023398434,156.9725316
0.22,0.22,0.055,0,0,2.305228663,0.040766657,76894849468,142.7222373
0.22,0.22,0.055,0,1,3.290873193,0.034300441,94932975651,139.2166328
0.22,0.22,0.057,1,0,2.936988427,0.036822757,83191095111,146.6614364
0.22,0.22,0.057,1,1,3.467634181,0.034253198,16185795503,139.9568931
0.22,0.22,0.057,0,0,1.458631448,0.046999101,87717225247,117.1770059
0.22,0.22,0.057,0,1,2.202651974,0.042034223,1.06952E+11,145.4059281
0.22,0.22,0.05,1,0,7.262627323,0.020710712,42686363541,188.7699121
0.22,0.22,0.05,1,1,8.298206006,0.019156702,5273336357,197.6333119
0.22,0.22,0.05,0,0,4.553466966,0.030691928,81683112097,140.5878233
0.22,0.22,0.05,0,1,5.960397192,0.024067349,95783032563,143.4430499
0.22,0.24,0.055,1,0,4.582970892,0.02918064,69219661692,161.3273883
0.22,0.24,0.055,1,1,5.256470629,0.026917116,11310325176,152.9408693
0.22,0.24,0.055,0,0,2.788267227,0.039736579,74257416467,126.149146
0.22,0.24,0.055,0,1,3.69693765,0.033937079,95274295049,152.4886744
0.22,0.24,0.057,1,0,3.284420528,0.035876146,80478161119,159.0149651
0.22,0.24,0.057,1,1,3.829718613,0.032992496,14650684429,147.2406193
0.22,0.24,0.057,0,0,1.823130492,0.046597418,85941978969,135.0525657
0.22,0.24,0.057,0,1,2.586582297,0.040758743,1.02684E+11,134.497963
0.22,0.24,0.05,1,0,7.932878507,0.019529382,32386368417,196.5151177
0.22,0.24,0.05,1,1,8.891161163,0.01858103,4684939797,200.3756625
0.22,0.24,0.05,0,0,5.163864799,0.030449245,82008678340,153.620428
0.22,0.24,0.05,0,1,6.546979071,0.023856757,48709716474,156.7239035
0.22,0.26,0.055,1,0,5.044386861,0.027742117,65638587258,150.1009447
0.22,0.26,0.055,1,1,5.654849399,0.026226822,10067018832,166.2920316
0.22,0.26,0.055,0,0,3.216245605,0.039213979,74727092526,141.4912723
0.22,0.26,0.055,0,1,4.157706538,0.032641831,95227209350,146.9226148
0.22,0.26,0.057,1,0,3.648100517,0.034574456,77124470314,160.8032691
0.22,0.26,0.057,1,1,4.186845908,0.031751402,13288254543,148.0219929
0.22,0.26,0.057,0,0,2.188063274,0.045919246,84015505078,130.1562679
0.22,0.26,0.057,0,1,2.9430135,0.039797268,1.00255E+11,142.7163113
0.22,0.26,0.05,1,0,8.472542604,0.019408937,30285131176,159.4545138
0.22,0.26,0.05,1,1,9.390500769,0.01872313,4441358993,186.3209314
0.22,0.26,0.05,0,0,5.794360455,0.029750553,83104563413,145.9762419
0.22,0.26,0.05,0,1,7.153066161,0.023306156,45772757324,161.0880651
0.22,0.28,0.055,1,0,5.466420911,0.026728039,63628042073,173.0692286
0.22,0.28,0.055,1,1,6.083929916,0.025108274,7180604808,156.47828
0.22,0.28,0.055,0,0,3.664697984,0.03815401,82670406615,135.5555971
0.22,0.28,0.055,0,1,4.566429627,0.031939997,94840167878,140.7328546
0.22,0.28,0.057,1,0,4.010874527,0.033222891,73781489771,161.8128559
0.22,0.28,0.057,1,1,4.544284884,0.030476265,12148081316,153.0341344
0.22,0.28,0.057,0,0,2.551253467,0.045036789,81907791247,138.3347341
0.22,0.28,0.057,0,1,3.292551355,0.03880793,99295353325,145.7485385
0.22,0.28,0.05,1,0,9.055655194,0.018829195,28770564874,167.2315432
0.22,0.28,0.05,1,1,10.05081447,0.017518854,4281583820,197.4619431
0.22,0.28,0.05,0,0,6.379696615,0.029365269,33167274044,149.8381334
0.22,0.28,0.05,0,1,7.7656899,0.02256518,36497443675,158.7761727
0.22,0.3,0.055,1,0,5.88232516,0.025715956,61851675104,165.4752488
0.22,0.3,0.055,1,1,6.494751218,0.024180756,6380086741,177.8502357
0.22,0.3,0.055,0,0,4.059238966,0.037687016,85818655106,150.740078
0.22,0.3,0.055,0,1,5.0264567,0.030410165,92135734172,143.339178
0.22,0.3,0.057,1,0,4.370867409,0.031856429,70649777808,162.1418647
0.22,0.3,0.057,1,1,4.87592774,0.029547302,10979491669,157.5934956
0.22,0.3,0.057,0,0,2.929531106,0.043678093,79342248341,127.7124597
0.22,0.3,0.057,0,1,3.65378412,0.037505536,98956314039,153.433831
0.22,0.3,0.05,1,0,9.707698721,0.01762948,26606739201,213.6858063
0.22,0.3,0.05,1,1,10.55879149,0.017454064,3914198107,195.9945935
0.22,0.3,0.05,0,0,7.002718498,0.028370358,31850708264,163.2515236
0.22,0.3,0.05,0,1,8.365891647,0.021853232,35050440932,161.2197815
0.22,0.08,0.055,1,0,1.044639985,0.034077078,1.12274E+11,141.8677788
0.22,0.08,0.055,1,1,1.758102598,0.032814071,24511043892,147.1001534
0.22,0.08,0.055,0,0,-0.660402795,0.035243944,84821942349,114.8999275
0.22,0.08,0.055,0,1,0.181681653,0.035988724,1.33148E+11,134.921747
0.22,0.08,0.057,1,0,0.387032533,0.040431358,1.21367E+11,131.3128577
0.22,0.08,0.057,1,1,0.902300472,0.040423857,31284225383,123.1586647
0.22,0.08,0.057,0,0,-0.953053378,0.038215184,91681804225,124.3028856
0.22,0.08,0.057,0,1,-0.274820221,0.040962494,1.4378E+11,124.5722568
0.22,0.08,0.05,1,0,2.869591218,0.022798215,88369292132,134.2954887
0.22,0.08,0.05,1,1,3.921682953,0.022272193,13113128249,155.8707049
0.22,0.08,0.05,0,0,0.080764347,0.02794539,70089723623,126.6530794
0.22,0.08,0.05,0,1,1.507587787,0.024479264,97023011360,135.7918133
0.24,0.18,0.055,1,0,3.504971483,0.03094573,81149078848,146.4957466
0.24,0.18,0.055,1,1,4.118772243,0.02936648,9093412404,150.366705
0.24,0.18,0.055,0,0,1.6893185,0.039002854,77636418871,121.0236248
0.24,0.18,0.055,0,1,2.63577701,0.035021772,1.0098E+11,142.6010768
0.24,0.18,0.057,1,0,2.390490861,0.037837527,97012449147,130.1977268
0.24,0.18,0.057,1,1,2.868078426,0.036079471,10766270427,145.2719116
0.24,0.18,0.057,0,0,0.894175852,0.046286295,91331375996,134.7872497
0.24,0.18,0.057,0,1,1.660698772,0.042837498,1.19985E+11,130.3126313
0.24,0.18,0.05,1,0,6.405167258,0.020810768,41878741359,179.9079684
0.24,0.18,0.05,1,1,7.250567905,0.020558176,5028578613,171.3539786
0.24,0.18,0.05,0,0,3.635956225,0.028778354,69965990011,140.6841363
0.24,0.18,0.05,0,1,5.051013224,0.024441455,89597502092,149.5237578
0.24,0.1,0.055,1,0,1.74281229,0.03295626,1.00942E+11,145.0091164
0.24,0.1,0.055,1,1,2.389821516,0.031902627,10386568090,131.3940859
0.24,0.1,0.055,0,0,-0.090294069,0.037434765,84180517688,134.6497173
0.24,0.1,0.055,0,1,0.872328779,0.035894824,1.21226E+11,118.8617971
0.24,0.1,0.057,1,0,0.92947255,0.040238467,1.20499E+11,126.5143089
0.24,0.1,0.057,1,1,1.391218603,0.039907432,12359242135,144.6442382
0.24,0.1,0.057,0,0,-0.497010666,0.041914575,95825018223,107.3001474
0.24,0.1,0.057,0,1,0.238356067,0.042408776,1.39642E+11,125.6009419
0.24,0.1,0.05,1,0,3.862584482,0.022308427,72489224940,147.5261652
0.24,0.1,0.05,1,1,4.785694653,0.022077193,7793986913,158.2995283
0.24,0.1,0.05,0,0,1.026273145,0.027923196,63717821984,150.7662571
0.24,0.1,0.05,0,1,2.483084415,0.024822917,90163508590,149.8336748
0.24,0.12,0.055,1,0,2.196902943,0.032524979,99391850349,139.5285567
0.24,0.12,0.055,1,1,2.814595818,0.03157464,10044690000,150.7355331
0.24,0.12,0.055,0,0,0.313922326,0.038610981,85721458264,133.6092123
0.24,0.12,0.055,0,1,1.312665824,0.035885627,1.1982E+11,123.0325276
0.24,0.12,0.057,1,0,1.276865307,0.040247537,1.19992E+11,138.9341208
0.24,0.12,0.057,1,1,1.752377129,0.039290336,12016072258,146.6465113
0.24,0.12,0.057,0,0,-0.165306224,0.043657106,96795188189,127.5310062
0.24,0.12,0.057,0,1,0.584226711,0.04313015,1.40251E+11,118.2026908
0.24,0.12,0.05,1,0,4.490275684,0.022223382,71385790802,147.786193
0.24,0.12,0.05,1,1,5.437064727,0.021569699,7559893698,150.1381303
0.24,0.12,0.05,0,0,1.665121167,0.028335498,64106112433,129.7200886
0.24,0.12,0.05,0,1,3.132635031,0.02491175,89760816951,144.4860359
0.24,0.14,0.055,1,0,2.613251932,0.032421717,90394861152,138.8938375
0.24,0.14,0.055,1,1,3.26182554,0.030810406,9744037183,139.5353693
0.24,0.14,0.055,0,0,0.791965313,0.038835634,84001286406,125.7142812
0.24,0.14,0.055,0,1,1.719818063,0.036176575,1.1572E+11,131.2066639
0.24,0.14,0.057,1,0,1.658541212,0.039463755,1.04085E+11,127.8296702
0.24,0.14,0.057,1,1,2.139642056,0.038107606,11619040588,143.2693055
0.24,0.14,0.057,0,0,0.180028378,0.044816675,93165855146,105.2916935
0.24,0.14,0.057,0,1,0.948762216,0.043303304,1.27179E+11,120.7846105
0.24,0.14,0.05,1,0,5.111859797,0.022038356,70492568729,164.7466206
0.24,0.14,0.05,1,1,6.057454616,0.021207928,5264658933,153.4579831
0.24,0.14,0.05,0,0,2.306694072,0.028876109,65040256595,147.938131
0.24,0.14,0.05,0,1,3.783630936,0.024821137,92238534457,149.2916255
0.24,0.16,0.055,1,0,3.086825145,0.031415976,83372098011,137.7418135
0.24,0.16,0.055,1,1,3.692194042,0.030123191,9456691851,146.8078752
0.24,0.16,0.055,0,0,1.211657007,0.039425458,79162781665,139.6728636
0.24,0.16,0.055,0,1,2.204522252,0.035304428,1.02911E+11,128.004235
0.24,0.16,0.057,1,0,1.988019718,0.03929546,1.01241E+11,126.1500605
0.24,0.16,0.057,1,1,2.497959658,0.037246894,11247680188,130.9076495
0.24,0.16,0.057,0,0,0.502082044,0.046243742,91979163181,134.7929381
0.24,0.16,0.057,0,1,1.27383185,0.043703965,1.23718E+11,127.9768348
0.24,0.16,0.05,1,0,5.720084161,0.021820759,62156515546,159.9869888
0.24,0.16,0.05,1,1,6.681214173,0.020707771,5108245857,182.8695779
0.24,0.16,0.05,0,0,2.986114225,0.028815403,60190784240,149.8282696
0.24,0.16,0.05,0,1,4.410258803,0.024785261,89949042702,157.689526
0.24,0.2,0.055,1,0,3.966529179,0.029790299,77633521659,145.7893794
0.24,0.2,0.055,1,1,4.534513252,0.028647252,8783889290,146.4657479
0.24,0.2,0.055,0,0,2.109900053,0.039173288,77489095641,140.735764
0.24,0.2,0.055,0,1,3.079521089,0.034383224,98734346389,144.3147567
0.24,0.2,0.057,1,0,2.762140622,0.036723707,90239982840,140.6201384
0.24,0.2,0.057,1,1,3.231321628,0.034917266,10354417181,134.1257486
0.24,0.2,0.057,0,0,1.286485431,0.045860246,88735292788,126.323218
0.24,0.2,0.057,0,1,2.045511723,0.0417836,1.13929E+11,122.5594103
0.24,0.2,0.05,1,0,7.021186331,0.020277945,40421106343,170.5193315
0.24,0.2,0.05,1,1,7.892826357,0.019711273,4001515787,166.7486686
0.24,0.2,0.05,0,0,4.238033363,0.029010666,77701363270,140.8242242
0.24,0.2,0.05,0,1,5.668930245,0.024149805,91496160767,148.3183698
0.24,0.22,0.055,1,0,4.374197542,0.029194235,70577157613,163.711779
0.24,0.22,0.055,1,1,4.960540996,0.027721961,8448821319,164.1133419
0.24,0.22,0.055,0,0,2.575552412,0.038486963,72276449652,123.9731709
0.24,0.22,0.055,0,1,3.511875009,0.033726393,91837830493,134.837812
0.24,0.22,0.057,1,0,3.097408286,0.036036868,83866524405,154.6817206
0.24,0.22,0.057,1,1,3.59319756,0.033693385,9937758670,147.30296
0.24,0.22,0.057,0,0,1.643793873,0.045651268,84175778196,121.2816115
0.24,0.22,0.057,0,1,2.389730469,0.041249916,1.05588E+11,134.8916919
0.24,0.22,0.05,1,0,7.631627552,0.019691752,38963266817,187.358415
0.24,0.22,0.05,1,1,8.491909137,0.019135407,3834556779,193.4337018
0.24,0.22,0.05,0,0,4.902567268,0.028315395,78673363563,142.7097866
0.24,0.22,0.05,0,1,6.292897193,0.023653246,51379377454,143.719199
0.24,0.24,0.055,1,0,4.832948727,0.027853023,65944369583,154.8583839
0.24,0.24,0.055,1,1,5.412785192,0.026411258,8025127589,149.0408719
0.24,0.24,0.055,0,0,2.981940979,0.038406443,71580503289,146.844374
0.24,0.24,0.055,0,1,3.968438876,0.032569365,89276713699,141.6101452
0.24,0.24,0.057,1,0,3.496685933,0.034264911,78992251649,141.0543536
0.24,0.24,0.057,1,1,3.953367953,0.032438561,9519565533,147.6223784
0.24,0.24,0.057,0,0,2.024485942,0.044784884,81816608787,124.1462886
0.24,0.24,0.057,0,1,2.774305437,0.039878559,1.00981E+11,142.1585942
0.24,0.24,0.05,1,0,8.192409092,0.019438857,31033370923,194.6020669
0.24,0.24,0.05,1,1,9.071345854,0.018673383,3715618480,194.3654582
0.24,0.24,0.05,0,0,5.496226169,0.028200475,75900160352,156.9678365
0.24,0.24,0.05,0,1,6.923143815,0.022935228,47889886536,143.3315689
0.24,0.26,0.055,1,0,5.247901014,0.02698396,63221359439,171.6289183
0.24,0.26,0.055,1,1,5.825996546,0.025532266,7692241984,170.092336
0.24,0.26,0.055,0,0,3.461464963,0.037019698,74875107694,130.0435947
0.24,0.26,0.055,0,1,4.390519871,0.031755954,90183147544,155.3336722
0.24,0.26,0.057,1,0,3.832400596,0.033383164,76458940286,149.1591876
0.24,0.26,0.057,1,1,4.311404142,0.03118085,9106902869,151.0089401
0.24,0.26,0.057,0,0,2.388747335,0.043974406,79952072423,126.6499295
0.24,0.26,0.057,0,1,3.135047561,0.038768652,97806547362,131.7248764
0.24,0.26,0.05,1,0,8.822314754,0.018518535,27863307153,202.9483932
0.24,0.26,0.05,1,1,9.644582878,0.018171936,3595029887,180.2234335
0.24,0.26,0.05,0,0,6.135254303,0.027370608,37335046263,138.5735469
0.24,0.26,0.05,0,1,7.502505459,0.022597931,44910161461,176.9029218
0.24,0.28,0.055,1,0,5.678152802,0.025868819,60134199089,157.3127417
0.24,0.28,0.055,1,1,6.232416519,0.024688312,5356428109,186.5652831
0.24,0.28,0.055,0,0,3.865025304,0.036552895,82333328765,151.019343
0.24,0.28,0.055,0,1,4.816258751,0.030769408,90068930670,151.6392182
0.24,0.28,0.057,1,0,4.194410837,0.032044716,72941283335,161.3203712
0.24,0.28,0.057,1,1,4.653946765,0.030112496,8741166860,153.0077365
0.24,0.28,0.057,0,0,2.72063283,0.043517529,78993318334,122.8437582
0.24,0.28,0.057,0,1,3.4893016,0.037649254,95208560402,151.0154129
0.24,0.28,0.05,1,0,9.467963202,0.017459418,26076619972,193.2382011
0.24,0.28,0.05,1,1,10.28032066,0.017172333,3389371495,192.6127534
0.24,0.28,0.05,0,0,6.741998742,0.0267453,30292902528,171.9442438
0.24,0.28,0.05,0,1,8.123851644,0.021753649,35554275291,170.9639029
0.24,0.3,0.055,1,0,6.16121654,0.024095927,40451042947,176.1734172
0.24,0.3,0.055,1,1,6.701726209,0.02309676,5002719426,183.4488737
0.24,0.3,0.055,0,0,4.329187691,0.035005876,82499800424,142.4629201
0.24,0.3,0.055,0,1,5.247358966,0.029608001,88371803961,151.8836867
0.24,0.3,0.057,1,0,4.557813753,0.030637229,69337843065,168.6821209
0.24,0.3,0.057,1,1,5.0186368,0.028715539,8242078332,155.5842304
0.24,0.3,0.057,0,0,3.099135981,0.042069906,77116965901,138.3687741
0.24,0.3,0.057,0,1,3.860199344,0.036146098,92744343025,145.5526718
0.24,0.3,0.05,1,0,10.01161047,0.017156496,25309345486,212.1316778
0.24,0.3,0.05,1,1,10.76773117,0.017253259,3371366838,162.6162806
0.24,0.3,0.05,0,0,7.419671502,0.025167865,28276192457,170.5764459
0.24,0.3,0.05,0,1,8.699917542,0.021237331,34426772727,151.9341913
0.24,0.08,0.055,1,0,1.322117181,0.032862941,1.05282E+11,131.1061183
0.24,0.08,0.055,1,1,1.938570052,0.03240726,10606316145,144.0341421
0.24,0.08,0.055,0,0,-0.431383111,0.035493217,87667852863,110.7403411
0.24,0.08,0.055,0,1,0.428243807,0.035638222,1.33314E+11,118.6193341
0.24,0.08,0.057,1,0,0.562421298,0.040149726,1.21915E+11,111.913882
0.24,0.08,0.057,1,1,1.031340389,0.040278707,12659828138,142.7122694
0.24,0.08,0.057,0,0,-0.80640301,0.039201898,1.08362E+11,126.1514835
0.24,0.08,0.057,0,1,-0.075722793,0.041039665,1.44671E+11,115.0907728
0.24,0.08,0.05,1,0,3.219760283,0.022343781,81283818443,135.0080533
0.24,0.08,0.05,1,1,4.199834063,0.021881575,7808421192,144.9475289
0.24,0.08,0.05,0,0,0.398169038,0.027604131,67897279465,139.1391163
0.24,0.08,0.05,0,1,1.879011542,0.024212706,97499560363,133.6370553
0.08,0.18,0.055,1,0,1.795597115,0.037790892,74653354086,124.7863902
0.08,0.18,0.055,1,1,2.644368409,0.035117429,1.00514E+11,145.0195812
0.08,0.18,0.055,0,0,1.298123845,0.041492111,80944399393,113.948018
0.08,0.18,0.055,0,1,1.307758139,0.041281566,79683306078,101.6966824
0.08,0.18,0.057,1,0,0.96836325,0.045354059,88640791616,127.3542678
0.08,0.18,0.057,1,1,1.686867356,0.042373002,1.18255E+11,114.4401711
0.08,0.18,0.057,0,0,0.583490115,0.047579276,92019096307,118.0709073
0.08,0.18,0.057,0,1,0.597957211,0.047291929,90597610091,112.3698991
0.08,0.18,0.05,1,0,3.808017144,0.027408527,71012350268,135.1745267
0.08,0.18,0.05,1,1,5.093356741,0.024633769,86258115298,143.2723719
0.08,0.18,0.05,0,0,3.019651576,0.032975707,65994869480,118.0942818
0.08,0.18,0.05,0,1,3.033569886,0.032794813,66066950656,129.7950599
0.08,0.1,0.055,1,0,0.036926763,0.036561998,81436728563,128.9673913
0.08,0.1,0.055,1,1,0.858280024,0.036412723,1.22319E+11,136.5393735
0.08,0.1,0.055,0,0,-0.502933463,0.036913182,79899534518,111.7247273
0.08,0.1,0.055,0,1,-0.493835958,0.036948524,80769363747,111.0387931
0.08,0.1,0.057,1,0,-0.40736842,0.041341496,91563257763,123.9001186
0.08,0.1,0.057,1,1,0.244366564,0.042408683,1.38928E+11,110.0215016
0.08,0.1,0.057,0,0,-0.889290954,0.039596076,85176438562,106.152598
0.08,0.1,0.057,0,1,-0.850503203,0.040103225,92548238002,103.3703319
0.08,0.1,0.05,1,0,1.195592056,0.027009944,62932324723,147.5833517
0.08,0.1,0.05,1,1,2.557962393,0.02491145,89230278228,136.5237718
0.08,0.1,0.05,0,0,0.510789117,0.029812147,65588647577,119.0555094
0.08,0.1,0.05,0,1,0.547365033,0.029567881,64793151873,122.5638277
0.08,0.12,0.055,1,0,0.415636437,0.03800279,84107585481,115.9415331
0.08,0.12,0.055,1,1,1.336972032,0.035961172,1.19583E+11,126.3134046
0.08,0.12,0.055,0,0,-0.051812522,0.038918878,83825855143,96.5318799
0.08,0.12,0.055,0,1,-0.057317228,0.039004385,82827265332,95.70530322
0.08,0.12,0.057,1,0,-0.093240162,0.043188969,94480438050,125.9213905
0.08,0.12,0.057,1,1,0.59553639,0.043103109,1.39928E+11,114.5608233
0.08,0.12,0.057,0,0,-0.525513566,0.042671793,91290764388,109.2655169
0.08,0.12,0.057,0,1,-0.49169254,0.042507132,90935268783,116.5290415
0.08,0.12,0.05,1,0,1.879632122,0.02693082,61883922088,130.4855141
0.08,0.12,0.05,1,1,3.159662612,0.025410708,89870084710,137.9919237
0.08,0.12,0.05,0,0,1.127676577,0.030742218,67203390200,113.5470648
0.08,0.12,0.05,0,1,1.183923659,0.0302848,65821525720,114.4324474
0.08,0.14,0.055,1,0,0.903668583,0.037890968,81499273055,131.2883028
0.08,0.14,0.055,1,1,1.754599761,0.036071436,1.12842E+11,128.3507994
0.08,0.14,0.055,0,0,0.411483479,0.040136687,83142736276,119.1864332
0.08,0.14,0.055,0,1,0.394153133,0.04031458,82391252165,115.3395889
0.08,0.14,0.057,1,0,0.269695414,0.044095312,90805698623,116.3880464
0.08,0.14,0.057,1,1,0.958306896,0.043237932,1.25683E+11,114.9139187
0.08,0.14,0.057,0,0,-0.158220348,0.044978909,90129901117,114.4271725
0.08,0.14,0.057,0,1,-0.136371101,0.044774354,89276986723,116.7918844
0.08,0.14,0.05,1,0,2.522965438,0.027313544,62626953987,139.9484923
0.08,0.14,0.05,1,1,3.830082907,0.025076976,89495402375,137.9928251
0.08,0.14,0.05,0,0,1.761205783,0.03162982,68320577768,115.7711796
0.08,0.14,0.05,0,1,1.780927945,0.031455393,67451305866,127.0685318
0.08,0.16,0.055,1,0,1.31333477,0.038437413,76873690122,128.5568807
0.08,0.16,0.055,1,1,2.194435119,0.03574716,1.03558E+11,131.0878823
0.08,0.16,0.055,0,0,0.840151968,0.041180269,80868229450,104.8895201
0.08,0.16,0.055,0,1,0.828090472,0.04127704,80090319459,102.5558392
0.08,0.16,0.057,1,0,0.616464024,0.044969571,88538797398,117.0273479
0.08,0.16,0.057,1,1,1.331516437,0.042817719,1.20793E+11,127.308005
0.08,0.16,0.057,0,0,0.213587265,0.046568631,90631532587,116.4137114
0.08,0.16,0.057,0,1,0.235269874,0.04626465,89298549476,107.4864328
0.08,0.16,0.05,1,0,3.144613818,0.027697834,59733185185,150.3230211
0.08,0.16,0.05,1,1,4.434190099,0.025210608,84630411660,148.9573592
0.08,0.16,0.05,0,0,2.435182683,0.032039895,64490190185,116.4775738
0.08,0.16,0.05,0,1,2.446610159,0.031907234,63617696404,110.6218933
0.08,0.2,0.055,1,0,2.231981367,0.037597532,73804240966,136.2674853
0.08,0.2,0.055,1,1,3.101083576,0.034214384,97099972457,140.876814
0.08,0.2,0.055,0,0,1.726903166,0.041859889,80761171057,108.203497
0.08,0.2,0.055,0,1,1.733334114,0.041643019,79357291130,110.4327061
0.08,0.2,0.057,1,0,1.346145108,0.044957711,86129552515,126.1033912
0.08,0.2,0.057,1,1,2.032429932,0.041874241,1.12321E+11,127.3106442
0.08,0.2,0.057,0,0,0.950648477,0.048094487,90352251166,119.4431351
0.08,0.2,0.057,0,1,0.920406548,0.048379492,89314291290,118.6383815
0.08,0.2,0.05,1,0,4.429693295,0.027335443,74744501336,134.4328802
0.08,0.2,0.05,1,1,5.681073381,0.024610986,88999078144,142.7539542
0.08,0.2,0.05,0,0,3.668873152,0.032971551,73577610178,111.3891077
0.08,0.2,0.05,0,1,3.697331593,0.032614454,82769404394,119.1972689
0.08,0.22,0.055,1,0,2.678735789,0.037048871,69063478499,141.0523026
0.08,0.22,0.055,1,1,3.53389532,0.033480997,88774828952,132.0969755
0.08,0.22,0.055,0,0,2.119781565,0.042460603,77372388951,118.6438301
0.08,0.22,0.055,0,1,2.130514788,0.042149971,75935868185,125.7168142
0.08,0.22,0.057,1,0,1.70555528,0.044546489,81283217530,139.9925931
0.08,0.22,0.057,1,1,2.430329319,0.040345251,1.02761E+11,126.6052233
0.08,0.22,0.057,0,0,1.315646717,0.04818794,87229067635,99.03207303
0.08,0.22,0.057,0,1,1.327811267,0.047802956,85760771640,120.5756638
0.08,0.22,0.05,1,0,5.069363216,0.026854223,75627747675,137.263759
0.08,0.22,0.05,1,1,6.369491814,0.023460131,50363545754,152.2453695
0.08,0.22,0.05,0,0,4.253572266,0.03333582,86194047995,119.9223462
0.08,0.22,0.05,0,1,4.302708412,0.032738504,88446407187,121.7987675
0.08,0.24,0.055,1,0,3.131616344,0.036184109,67385337965,134.677141
0.08,0.24,0.055,1,1,3.980215711,0.03241612,85457065293,132.9677021
0.08,0.24,0.055,0,0,2.587737958,0.041773218,75958713883,111.7840577
0.08,0.24,0.055,0,1,2.594198775,0.041488411,74919640855,108.5404634
0.08,0.24,0.057,1,0,2.078373794,0.043668793,78943011964,128.7037338
0.08,0.24,0.057,1,1,2.794462556,0.039235068,98760065053,126.841021
0.08,0.24,0.057,0,0,1.649500247,0.048415097,86683841230,119.8958039
0.08,0.24,0.057,0,1,1.689415206,0.047529155,84600961077,120.2837312
0.08,0.24,0.05,1,0,5.666333303,0.026649593,73242999592,147.0336192
0.08,0.24,0.05,1,1,6.941338202,0.023307421,47675757415,147.3680578
0.08,0.24,0.05,0,0,4.895290676,0.03281236,90707931063,130.225364
0.08,0.24,0.05,0,1,4.923740974,0.032429776,92766822717,127.1278657
0.08,0.26,0.055,1,0,3.537450441,0.03579692,73609431631,147.2533854
0.08,0.26,0.055,1,1,4.375694941,0.031923047,85453940310,131.5294627
0.08,0.26,0.055,0,0,3.004688839,0.041497886,75832676559,107.397644
0.08,0.26,0.055,0,1,3.008917117,0.041218186,75172177841,130.3964842
0.08,0.26,0.057,1,0,2.446272925,0.042675511,76690618696,137.5727088
0.08,0.26,0.057,1,1,3.138328624,0.03832656,95778921850,130.0013467
0.08,0.26,0.057,0,0,2.000300698,0.048091944,85614097853,104.7637701
0.08,0.26,0.057,0,1,2.009482799,0.047646895,84212977671,103.4013444
0.08,0.26,0.05,1,0,6.335397128,0.025492451,34827311460,162.809307
0.08,0.26,0.05,1,1,7.579990693,0.02238459,43963021109,148.2235264
0.08,0.26,0.05,0,0,5.481252069,0.032648704,99275250772,108.1885058
0.08,0.26,0.05,0,1,5.512974177,0.032225759,1.02443E+11,115.7474133
0.08,0.28,0.055,1,0,3.967217307,0.034882946,78931998783,130.5753157
0.08,0.28,0.055,1,1,4.815074414,0.030740538,85418099633,157.9300922
0.08,0.28,0.055,0,0,3.441508486,0.040677132,78363487001,110.6584207
0.08,0.28,0.055,0,1,3.448571966,0.04034167,81694112480,112.4717588
0.08,0.28,0.057,1,0,2.802028143,0.041705669,74726335047,146.2089371
0.08,0.28,0.057,1,1,3.502196435,0.036991322,92038163880,141.676937
0.08,0.28,0.057,0,0,2.392976543,0.046817815,83469858824,117.4343802
0.08,0.28,0.057,0,1,2.399393777,0.046382138,81881388695,116.1729948
0.08,0.28,0.05,1,0,6.97159459,0.02454579,27698257389,185.8079774
0.08,0.28,0.05,1,1,8.11506629,0.022352119,36153181933,164.1888969
0.08,0.28,0.05,0,0,6.138793123,0.031440794,34948302548,124.7549393
0.08,0.28,0.05,0,1,6.076744872,0.032092881,35333420443,145.8890607
0.08,0.3,0.055,1,0,4.407810493,0.033665262,78722411874,156.3250846
0.08,0.3,0.055,1,1,5.231429474,0.029773766,85188290177,135.1345914
0.08,0.3,0.055,0,0,3.870883205,0.0397286,87963333099,120.8663051
0.08,0.3,0.055,0,1,3.85111794,0.03978102,92348922030,112.1306168
0.08,0.3,0.057,1,0,3.170752193,0.04035526,73104023468,147.6087351
0.08,0.3,0.057,1,1,3.853847182,0.035780606,89046731959,152.8008198
0.08,0.3,0.057,0,0,2.707684037,0.046610155,82670131378,119.375683
0.08,0.3,0.057,0,1,2.755927601,0.045436618,80616309609,118.1994159
0.08,0.3,0.05,1,0,7.570059953,0.023852089,26735036303,169.1302237
0.08,0.3,0.05,1,1,8.702474313,0.021694653,34799707588,181.1074712
0.08,0.3,0.05,0,0,6.661329216,0.031574478,34721942973,140.2947736
0.08,0.3,0.05,0,1,6.671724008,0.031405363,34491559930,146.4431334
0.08,0.08,0.055,1,0,-0.361056193,0.035176711,87562454456,119.1990031
0.08,0.08,0.055,1,1,0.414913037,0.035975082,1.3156E+11,136.5925304
0.08,0.08,0.055,0,0,-0.950970896,0.034044635,78857687199,90.68919866
0.08,0.08,0.055,0,1,-0.841225447,0.034202672,85980516384,120.8904886
0.08,0.08,0.057,1,0,-0.687510189,0.038649589,95212097348,128.8687423
0.08,0.08,0.057,1,1,-0.100815455,0.041255777,1.41388E+11,126.7356617
0.08,0.08,0.057,0,0,-1.252387574,0.035672319,82411079147,107.6890298
0.08,0.08,0.057,0,1,-1.164178636,0.037398972,90977916994,114.2710455
0.08,0.08,0.05,1,0,0.58270634,0.026659062,67060056803,137.0955057
0.08,0.08,0.05,1,1,1.889189325,0.02487776,98992583010,150.8967909
0.08,0.08,0.05,0,0,-0.101374402,0.02865253,68005812758,117.6108306
0.08,0.08,0.05,0,1,-0.134941186,0.028993455,69550350783,115.622719
0.14,0.18,0.055,1,0,2.403908175,0.03454976,84174973023,127.2207396
0.14,0.18,0.055,1,1,3.220245292,0.03307388,1.013E+11,147.4074366
0.14,0.18,0.055,0,0,1.284148551,0.04167621,80614634721,121.4115648
0.14,0.18,0.055,0,1,1.506249496,0.0399933,79861937687,127.6556349
0.14,0.18,0.057,1,0,1.495145765,0.042028737,98762311351,133.1226485
0.14,0.18,0.057,1,1,2.170287838,0.039659852,1.19162E+11,135.6582108
0.14,0.18,0.057,0,0,0.591078409,0.047493319,91354698696,118.4648168
0.14,0.18,0.057,0,1,0.7422373,0.046889953,92726160926,126.3617782
0.14,0.18,0.05,1,0,4.718032818,0.023902663,77836981169,140.3494035
0.14,0.18,0.05,1,1,5.957802535,0.023243323,74541996618,151.406698
0.14,0.18,0.05,0,0,3.023457502,0.032952106,66327993968,125.9798589
0.14,0.18,0.05,0,1,3.33361856,0.030671051,66957996563,150.524344
0.14,0.1,0.055,1,0,0.617171104,0.035527024,99801121315,130.8273026
0.14,0.1,0.055,1,1,1.489091247,0.034321964,1.26503E+11,132.9392126
0.14,0.1,0.055,0,0,-0.509575509,0.036778459,79414505021,113.834827
0.14,0.1,0.055,0,1,-0.263283589,0.03756512,83793403986,120.6480265
0.14,0.1,0.057,1,0,0.061776284,0.041450557,1.11881E+11,114.9016807
0.14,0.1,0.057,1,1,0.699286241,0.041654283,1.49989E+11,123.2439133
0.14,0.1,0.057,0,0,-0.882899658,0.039385198,84198463697,111.1220265
0.14,0.1,0.057,0,1,-0.634303732,0.04166135,92596223095,106.5355201
0.14,0.1,0.05,1,0,2.125256693,0.024241154,74352228484,148.3179445
0.14,0.1,0.05,1,1,3.459019994,0.023881262,92657670314,134.1723811
0.14,0.1,0.05,0,0,0.515068971,0.029597288,64592765902,112.2976862
0.14,0.1,0.05,0,1,0.78413536,0.028684923,65687962839,133.1188721
0.14,0.12,0.055,1,0,1.037492229,0.035898401,99891003702,140.634425
0.14,0.12,0.055,1,1,1.917324089,0.034301303,1.25259E+11,136.3112926
0.14,0.12,0.055,0,0,-0.049725736,0.038826991,82913179256,95.85292591
0.14,0.12,0.055,0,1,0.135431037,0.038841708,86371050555,132.3780402
0.14,0.12,0.057,1,0,0.397776048,0.042339408,1.13528E+11,122.6661731
0.14,0.12,0.057,1,1,1.034596681,0.042081654,1.50113E+11,138.38486
0.14,0.12,0.057,0,0,-0.493552542,0.042319297,90257486813,107.4029945
0.14,0.12,0.057,0,1,-0.289301814,0.043413391,95401324047,108.8962855
0.14,0.12,0.05,1,0,2.802374439,0.024165312,73375608076,145.5582893
0.14,0.12,0.05,1,1,4.057669073,0.02420595,92459385251,154.3723832
0.14,0.12,0.05,0,0,1.177931655,0.030239309,65977187920,115.2476344
0.14,0.12,0.05,0,1,1.398352067,0.029424751,66600915665,144.0453904
0.14,0.14,0.055,1,0,1.510288635,0.035330444,95935013143,123.8282416
0.14,0.14,0.055,1,1,2.373583951,0.033781657,1.09929E+11,130.5856267
0.14,0.14,0.055,0,0,0.419529846,0.040028597,82466972858,117.8176515
0.14,0.14,0.055,0,1,0.61177899,0.039402986,85359850583,124.2038249
0.14,0.14,0.057,1,0,0.760490838,0.042661761,1.05379E+11,122.0744627
0.14,0.14,0.057,1,1,1.398737295,0.041750486,1.2912E+11,140.8413767
0.14,0.14,0.057,0,0,-0.147419944,0.044844493,89435069512,115.7031356
0.14,0.14,0.057,0,1,0.041709015,0.044823282,92448919385,118.5189806
0.14,0.14,0.05,1,0,3.435269911,0.02431145,76855753248,146.9695182
0.14,0.14,0.05,1,1,4.716690719,0.0238089,90281417788,146.4487144
0.14,0.14,0.05,0,0,1.762341559,0.03160023,67653919049,122.9233612
0.14,0.14,0.05,0,1,2.076537232,0.029746198,66986708255,124.2789259
0.14,0.16,0.055,1,0,1.936660566,0.035274873,86947351382,145.1050093
0.14,0.16,0.055,1,1,2.805687402,0.033400291,1.03868E+11,129.5228891
0.14,0.16,0.055,0,0,0.842531616,0.041155156,80172282541,104.0449555
0.14,0.16,0.055,0,1,1.026154072,0.040268582,81049865188,125.1335516
0.14,0.16,0.057,1,0,1.122252151,0.042593275,1.0112E+11,131.4137418
0.14,0.16,0.057,1,1,1.763470324,0.041137915,1.24752E+11,142.776927
0.14,0.16,0.057,0,0,0.222295693,0.046468174,89946361399,117.1740354
0.14,0.16,0.057,0,1,0.380991212,0.046178957,92129918656,128.0171073
0.14,0.16,0.05,1,0,4.073793173,0.024221553,77929571289,156.5607286
0.14,0.16,0.05,1,1,5.315771346,0.02379687,78931362099,144.6019709
0.14,0.16,0.05,0,0,2.440568986,0.031990132,64050717035,112.0663567
0.14,0.16,0.05,0,1,2.704872511,0.030348113,62814526336,144.3693375
0.14,0.2,0.055,1,0,2.830801745,0.034205834,83010939496,146.3160514
0.14,0.2,0.055,1,1,3.688671884,0.031875681,96117029959,141.6032763
0.14,0.2,0.055,0,0,1.729976675,0.041831816,80173128832,107.3450923
0.14,0.2,0.055,0,1,1.914997802,0.040412157,79827378758,139.771413
0.14,0.2,0.057,1,0,1.865769789,0.041262668,95339264815,131.7682865
0.14,0.2,0.057,1,1,2.508869736,0.039118715,1.08978E+11,145.2602165
0.14,0.2,0.057,0,0,0.957471424,0.048015072,89743565712,119.5732852
0.14,0.2,0.057,0,1,1.135079335,0.046661807,90340439898,127.6831024
0.14,0.2,0.05,1,0,5.31523697,0.023861175,80075952585,145.1204617
0.14,0.2,0.05,1,1,6.582615199,0.022713895,52219117563,165.0982936
0.14,0.2,0.05,0,0,3.673253792,0.032938614,80595110334,110.3337613
0.14,0.2,0.05,0,1,3.996599553,0.030344654,78396890045,142.363469
0.14,0.22,0.055,1,0,3.296641986,0.03313434,78264871384,138.9340261
0.14,0.22,0.055,1,1,4.11542858,0.031100437,86182593364,148.2655003
0.14,0.22,0.055,0,0,2.14393777,0.042156998,76559391850,120.9732895
0.14,0.22,0.055,0,1,2.395212212,0.039637863,74353392954,134.6830976
0.14,0.22,0.057,1,0,2.224064632,0.040525463,88036433322,128.3056556
0.14,0.22,0.057,1,1,2.894838323,0.03768424,1.01569E+11,129.2425391
0.14,0.22,0.057,0,0,1.318471202,0.048159146,86702307460,102.5165732
0.14,0.22,0.057,0,1,1.507241365,0.046343402,85574135782,127.1601415
0.14,0.22,0.05,1,0,5.957055719,0.023238658,81535840527,151.9448525
0.14,0.22,0.05,1,1,7.16377769,0.022456005,50862531342,159.0122727
0.14,0.22,0.05,0,0,4.278601963,0.033081263,88647912396,120.0751723
0.14,0.22,0.05,0,1,4.597599388,0.030426658,81777779660,139.5804368
0.14,0.24,0.055,1,0,3.699453992,0.032773758,79356711946,152.2628563
0.14,0.24,0.055,1,1,4.558838554,0.030004661,81599454301,143.4599559
0.14,0.24,0.055,0,0,2.590778844,0.041751257,75702142696,110.9650761
0.14,0.24,0.055,0,1,2.820754864,0.039357343,72814772225,137.5212897
0.14,0.24,0.057,1,0,2.588557952,0.039536329,84922020312,140.3629067
0.14,0.24,0.057,1,1,3.266895838,0.036359132,96837325221,136.9888645
0.14,0.24,0.057,0,0,1.65245235,0.048387126,86160826232,119.6614798
0.14,0.24,0.057,0,1,1.875903698,0.045767018,83646755142,125.1137279
0.14,0.24,0.05,1,0,6.60323002,0.022430845,40225134399,139.1701943
0.14,0.24,0.05,1,1,7.787792231,0.021703266,38586460574,154.9498387
0.14,0.24,0.05,0,0,4.909450323,0.032670305,93282291176,129.1769052
0.14,0.24,0.05,0,1,5.248657074,0.02971385,80797082336,144.2590479
0.14,0.26,0.055,1,0,4.171480427,0.031329792,80627246144,138.1916851
0.14,0.26,0.055,1,1,4.969584803,0.029229035,78492987204,138.1926837
0.14,0.26,0.055,0,0,2.995854514,0.041641423,76257565536,105.0855402
0.14,0.26,0.055,0,1,3.26782117,0.03851615,74037524786,140.9383149
0.14,0.26,0.057,1,0,2.936219417,0.038688336,83005936366,145.0705365
0.14,0.26,0.057,1,1,3.619124723,0.035248493,92875504092,134.8942004
0.14,0.26,0.057,0,0,2.004755671,0.048036797,85082875346,104.1308752
0.14,0.26,0.057,0,1,2.229510643,0.045203017,82012993147,125.5894665
0.14,0.26,0.05,1,0,7.217963157,0.021777449,37370700966,163.2620165
0.14,0.26,0.05,1,1,8.457833963,0.020450067,35090847295,167.3280434
0.14,0.26,0.05,0,0,5.477048263,0.032711805,1.0248E+11,117.1626376
0.14,0.26,0.05,0,1,5.847605831,0.029371276,81511228134,157.2372455
0.14,0.28,0.055,1,0,4.582745053,0.030575099,80481016055,148.3836564
0.14,0.28,0.055,1,1,5.415055157,0.027944768,74399651745,146.081382
0.14,0.28,0.055,0,0,3.459185289,0.040433708,81958719868,120.9174233
0.14,0.28,0.055,0,1,3.689039796,0.037830946,82292818542,130.324478
0.14,0.28,0.057,1,0,3.294694739,0.037519426,81660187841,152.6952928
0.14,0.28,0.057,1,1,3.961555992,0.034223028,89180164415,147.6422145
0.14,0.28,0.057,0,0,2.396115197,0.046782934,83061418190,116.7851627
0.14,0.28,0.057,0,1,2.592583769,0.044265235,79945653888,135.1831268
0.14,0.28,0.05,1,0,7.785592932,0.021479488,30326511112,171.5129573
0.14,0.28,0.05,1,1,9.005601132,0.020186859,34009521371,171.5280101
0.14,0.28,0.05,0,0,6.071987203,0.032221635,35604704041,142.6785236
0.14,0.28,0.05,0,1,6.465866617,0.028616489,32149447148,141.0522054
0.14,0.3,0.055,1,0,5.000560892,0.02962917,79476028285,145.6385045
0.14,0.3,0.055,1,1,5.826661104,0.027013385,70915411704,162.7265306
0.14,0.3,0.055,0,0,3.844267017,0.040136888,92473174431,108.6165054
0.14,0.3,0.055,0,1,4.105374801,0.03702841,84758587572,128.4938917
0.14,0.3,0.057,1,0,3.656344671,0.036200453,82375187622,154.3498397
0.14,0.3,0.057,1,1,4.347700111,0.032484019,84009204894,141.4998164
0.14,0.3,0.057,0,0,2.733687337,0.046185145,82126176884,105.7065287
0.14,0.3,0.057,0,1,2.933361302,0.043508328,78587868599,138.2658661
0.14,0.3,0.05,1,0,8.363096919,0.020937893,29320459829,147.4611566
0.14,0.3,0.05,1,1,9.629924209,0.019198907,32082785305,198.6548927
0.14,0.3,0.05,0,0,6.667069401,0.031521122,34457123597,115.1102678
0.14,0.3,0.05,0,1,7.055848955,0.028014497,31269120796,178.1855034
0.14,0.08,0.055,1,0,0.207930818,0.034825829,1.07054E+11,116.7804292
0.14,0.08,0.055,1,1,1.028443013,0.034594471,1.32137E+11,134.8191391
0.14,0.08,0.055,0,0,-0.930558154,0.033525909,77186332156,95.95564577
0.14,0.08,0.055,0,1,-0.625148096,0.035744443,86443776630,133.4007861
0.14,0.08,0.057,1,0,-0.271177419,0.039946673,1.1657E+11,130.2455047
0.14,0.08,0.057,1,1,0.368803328,0.040898595,1.49128E+11,127.3170902
0.14,0.08,0.057,0,0,-1.242412566,0.035482305,85466301442,114.2053813
0.14,0.08,0.057,0,1,-0.94197217,0.038996033,94085594962,125.2006857
0.14,0.08,0.05,1,0,1.487246006,0.023995621,80866764644,129.0882991
0.14,0.08,0.05,1,1,2.813171906,0.023788991,1.04547E+11,149.5607415
0.14,0.08,0.05,0,0,-0.143924609,0.028565789,67722524920,116.6952492
0.14,0.08,0.05,0,1,0.108484612,0.028510405,70038786158,143.5263543
0.26,0.18,0.055,1,0,3.75937064,0.029610432,70885764908,142.2112044
0.26,0.18,0.055,1,1,4.259467735,0.029155457,8631361029,160.0130624
0.26,0.18,0.055,0,0,1.922574324,0.037839621,98742624011,141.2851823
0.26,0.18,0.055,0,1,2.896161134,0.034243778,99467636595,136.817047
0.26,0.18,0.057,1,0,2.574907082,0.036729124,85836078106,147.395731
0.26,0.18,0.057,1,1,2.973381966,0.035912687,10204187318,155.7794636
0.26,0.18,0.057,0,0,1.105823342,0.045123814,1.12806E+11,133.0449529
0.26,0.18,0.057,0,1,1.871451692,0.041932459,1.1846E+11,125.6935827
0.26,0.18,0.05,1,0,6.751209014,0.019935809,36753005662,174.6819638
0.26,0.18,0.05,1,1,7.486276129,0.020269342,4793526843,161.2471543
0.26,0.18,0.05,0,0,4.009853698,0.026896429,94629042293,147.9053929
0.26,0.18,0.05,0,1,5.435269136,0.02383098,85710312766,145.7521629
0.26,0.1,0.055,1,0,1.96547587,0.032296678,89338352762,145.6339377
0.26,0.1,0.055,1,1,2.548932162,0.031701089,9670843267,144.1075634
0.26,0.1,0.055,0,0,0.135315656,0.037202456,1.11932E+11,137.3105904
0.26,0.1,0.055,0,1,1.114423736,0.035572803,1.21325E+11,134.137568
0.26,0.1,0.057,1,0,1.101490972,0.039691678,1.06963E+11,137.3852354
0.26,0.1,0.057,1,1,1.532224547,0.039440332,11470978501,145.5204635
0.26,0.1,0.057,0,0,-0.272235115,0.041817586,1.29426E+11,115.7675828
0.26,0.1,0.057,0,1,0.380288327,0.042862901,1.42331E+11,113.7402563
0.26,0.1,0.05,1,0,4.216475576,0.021619631,64080699218,152.9925713
0.26,0.1,0.05,1,1,5.054953529,0.021697882,7357045209,152.9927756
0.26,0.1,0.05,0,0,1.398930888,0.026569494,85570701555,147.830649
0.26,0.1,0.05,0,1,2.875791487,0.024568905,90089646065,148.1143909
0.26,0.12,0.055,1,0,2.418101099,0.031820983,87670969429,141.8803405
0.26,0.12,0.055,1,1,2.983633746,0.031165129,9411504781,149.7942427
0.26,0.12,0.055,0,0,0.596875164,0.03756618,1.07964E+11,129.3486544
0.26,0.12,0.055,0,1,1.55362116,0.035553823,1.19968E+11,131.64156
0.26,0.12,0.057,1,0,1.470159001,0.039230308,1.05374E+11,138.6207228
0.26,0.12,0.057,1,1,1.889824494,0.038791272,11228186111,149.3658978
0.26,0.12,0.057,0,0,0.039436654,0.043405313,1.27025E+11,117.7192436
0.26,0.12,0.057,0,1,0.783457481,0.042803649,1.40697E+11,127.0976758
0.26,0.12,0.05,1,0,4.818205719,0.021677286,63874740524,162.1937799
0.26,0.12,0.05,1,1,5.662588863,0.021507561,7174085706,155.7548581
0.26,0.12,0.05,0,0,2.077417997,0.026572653,84385965619,142.0337718
0.26,0.12,0.05,0,1,3.529021095,0.024506157,88843859298,153.5672398
0.26,0.14,0.055,1,0,2.840124833,0.031564755,78004116166,151.7935937
0.26,0.14,0.055,1,1,3.421340983,0.030456532,9162743284,144.1840235
0.26,0.14,0.055,0,0,1.024392467,0.038076221,1.07745E+11,133.1639605
0.26,0.14,0.055,0,1,1.993197085,0.035389495,1.13508E+11,141.1215403
0.26,0.14,0.057,1,0,1.840451412,0.038521876,91764787134,140.213191
0.26,0.14,0.057,1,1,2.269918831,0.037652876,10868209704,144.1597445
0.26,0.14,0.057,0,0,0.34403367,0.044929698,1.17726E+11,110.4144646
0.26,0.14,0.057,0,1,1.141952325,0.042887263,1.26234E+11,118.7258338
0.26,0.14,0.05,1,0,5.474148897,0.021127949,61987730012,165.8429476
0.26,0.14,0.05,1,1,6.277113446,0.021139444,5041840278,155.7938281
0.26,0.14,0.05,0,0,2.714402145,0.026971871,86039638036,146.1210028
0.26,0.14,0.05,0,1,4.174656492,0.024351213,89610614668,137.0828014
0.26,0.16,0.055,1,0,3.287562531,0.030814392,74111310132,136.5277217
0.26,0.16,0.055,1,1,3.845880114,0.029785239,8919626928,150.5824295
0.26,0.16,0.055,0,0,1.491493623,0.037796829,97906205822,132.0975977
0.26,0.16,0.055,0,1,2.426829981,0.035158107,1.03286E+11,136.1074658
0.26,0.16,0.057,1,0,2.210587279,0.037654715,88548569872,140.6963804
0.26,0.16,0.057,1,1,2.6309826,0.036690943,10486762359,149.143893
0.26,0.16,0.057,0,0,0.748850952,0.044908302,1.13991E+11,124.3512149
0.26,0.16,0.057,0,1,1.518324528,0.04234736,1.2083E+11,127.9373479
0.26,0.16,0.05,1,0,6.074826551,0.020917906,39569634616,184.5661506
0.26,0.16,0.05,1,1,6.9129266,0.02048677,4866217958,186.7755901
0.26,0.16,0.05,0,0,3.35820639,0.027089423,89536003562,155.2922465
0.26,0.16,0.05,0,1,4.773247597,0.024482829,85979892712,155.0744768
0.26,0.2,0.055,1,0,4.193663637,0.02875393,68180982899,166.5041765
0.26,0.2,0.055,1,1,4.716852424,0.027889268,8227024890,148.8041937
0.26,0.2,0.055,0,0,2.38626542,0.037258157,96431530254,125.4055653
0.26,0.2,0.055,0,1,3.318302833,0.033794838,97453579482,151.7633648
0.26,0.2,0.057,1,0,2.948282121,0.035538644,78699044275,140.6967104
0.26,0.2,0.057,1,1,3.334544615,0.034740114,9842121642,157.5636105
0.26,0.2,0.057,0,0,1.48473948,0.044650107,1.09717E+11,132.455306
0.26,0.2,0.057,0,1,2.250370089,0.040902192,1.12031E+11,124.3252287
0.26,0.2,0.05,1,0,7.322235922,0.019749203,36051339798,195.8606062
0.26,0.2,0.05,1,1,8.147236928,0.019234996,3762403723,198.5850439
0.26,0.2,0.05,0,0,4.619777389,0.026940385,98872155134,139.4463079
0.26,0.2,0.05,0,1,6.045866588,0.023533798,52043149891,142.9330716
0.26,0.22,0.055,1,0,4.604398407,0.028092234,61870110024,160.5484771
0.26,0.22,0.055,1,1,5.124498657,0.02716281,7985448025,165.291354
0.26,0.22,0.055,0,0,2.794123637,0.037263285,92117295707,146.9342285
0.26,0.22,0.055,0,1,3.775132865,0.032702019,88794990342,134.542575
0.26,0.22,0.057,1,0,3.305673326,0.03448339,73636214356,163.4789576
0.26,0.22,0.057,1,1,3.692788373,0.033541277,9477858752,156.9759661
0.26,0.22,0.057,0,0,1.836623618,0.044350238,1.04159E+11,139.899484
0.26,0.22,0.057,0,1,2.594108124,0.040298185,1.03794E+11,125.3187147
0.26,0.22,0.05,1,0,7.932418744,0.019143856,29017104080,169.2430381
0.26,0.22,0.05,1,1,8.738211645,0.018703544,3628138730,198.1657615
0.26,0.22,0.05,0,0,5.276325987,0.026265173,1.00001E+11,143.7467803
0.26,0.22,0.05,0,1,6.681520453,0.022832198,50081651496,147.7295525
0.26,0.24,0.055,1,0,5.071393834,0.026640645,57877127502,168.4247114
0.26,0.24,0.055,1,1,5.565199719,0.025977329,7617012162,155.665201
0.26,0.24,0.055,0,0,3.27399431,0.035991817,94001397826,132.9175656
0.26,0.24,0.055,0,1,4.182435501,0.032153393,85879809248,148.1944582
0.26,0.24,0.057,1,0,3.652468069,0.033493128,70766454652,162.8677799
0.26,0.24,0.057,1,1,4.058174297,0.032184456,9073481170,161.2471542
0.26,0.24,0.057,0,0,2.194080155,0.04374575,1.03005E+11,143.0137779
0.26,0.24,0.057,0,1,2.961609805,0.039139761,99655513686,147.8382932
0.26,0.24,0.05,1,0,8.548866049,0.018403996,27044195298,182.8829872
0.26,0.24,0.05,1,1,9.315934602,0.018242701,3523301016,199.6206327
0.26,0.24,0.05,0,0,5.881976155,0.025965587,95391219779,161.5926948
0.26,0.24,0.05,0,1,7.29521584,0.022226364,47189021632,140.7667348
0.26,0.26,0.055,1,0,5.485345055,0.025771899,55480130217,174.6766591
0.26,0.26,0.055,1,1,5.975616609,0.025118872,5291587389,153.2540451
0.26,0.26,0.055,0,0,3.686809013,0.035511657,1.01242E+11,150.3631575
0.26,0.26,0.055,0,1,4.645079467,0.030724175,83795931923,138.0649809
0.26,0.26,0.057,1,0,4.016041585,0.032179116,67578226903,163.4965383
0.26,0.26,0.057,1,1,4.425359552,0.030778261,8657990085,153.1111603
0.26,0.26,0.057,0,0,2.571457419,0.042603647,99751498891,146.0899271
0.26,0.26,0.057,0,1,3.325540065,0.037908709,95930852509,151.4918683
0.26,0.26,0.05,1,0,9.1368304,0.017837217,24818339303,188.4401939
0.26,0.26,0.05,1,1,9.93478215,0.017385403,3346772011,202.7389043
0.26,0.26,0.05,0,0,6.493754635,0.025416702,47617705523,144.3131055
0.26,0.26,0.05,0,1,7.879886491,0.021793882,36442193241,172.9868494
0.26,0.28,0.055,1,0,5.917378063,0.024628592,52465554753,159.9685068
0.26,0.28,0.055,1,1,6.394748127,0.024110601,5064201381,159.2016621
0.26,0.28,0.055,0,0,4.143885948,0.034196366,1.0003E+11,133.0432643
0.26,0.28,0.055,0,1,5.063418947,0.029782872,83815443379,160.1616147
0.26,0.28,0.057,1,0,4.381881962,0.030778642,64096533120,166.0306613
0.26,0.28,0.057,1,1,4.77254932,0.029632391,8288567633,166.1211237
0.26,0.28,0.057,0,0,2.92894442,0.041622029,98266588442,149.75611
0.26,0.28,0.057,0,1,3.699153809,0.036413643,91843347388,149.1260545
0.26,0.28,0.05,1,0,9.765901093,0.016901502,23248485275,218.8708796
0.26,0.28,0.05,1,1,10.50439172,0.016874619,3236949554,206.3391761
0.26,0.28,0.05,0,0,7.108810625,0.02469104,38330389889,172.847227
0.26,0.28,0.05,0,1,8.499210121,0.020929097,34498414176,170.2703685
0.26,0.3,0.055,1,0,6.344304292,0.023522723,36212851973,161.990257
0.26,0.3,0.055,1,1,6.845788624,0.022732968,4761293194,169.5453118
0.26,0.3,0.055,0,0,4.566866495,0.033228067,99493254414,152.8671318
0.26,0.3,0.055,0,1,5.481462897,0.028764038,83389577165,163.3564159
0.26,0.3,0.057,1,0,4.746556886,0.029371101,61105704363,167.1893971
0.26,0.3,0.057,1,1,5.144772307,0.028135202,7800756099,169.9462469
0.26,0.3,0.057,0,0,3.291008775,0.040394695,1.02879E+11,151.783532
0.26,0.3,0.057,0,1,4.060669062,0.035036594,88486394546,151.3522089
0.26,0.3,0.05,1,0,10.3666008,0.016166239,22099091725,226.2719974
0.26,0.3,0.05,1,1,11.0785684,0.016309102,3117096081,202.5130278
0.26,0.3,0.05,0,0,7.782978913,0.023207397,35749607574,189.8132151
0.26,0.3,0.05,0,1,9.063317191,0.020503868,33536705545,166.0358027
0.26,0.08,0.055,1,0,1.548332336,0.032204681,91225682959,136.389677
0.26,0.08,0.055,1,1,2.084047119,0.032447411,10011552438,135.3156071
0.26,0.08,0.055,0,0,-0.228618516,0.035771619,1.25476E+11,135.0364781
0.26,0.08,0.055,0,1,0.639116854,0.035724421,1.33178E+11,139.3667824
0.26,0.08,0.057,1,0,0.741004362,0.039727964,1.0839E+11,135.25414
0.26,0.08,0.057,1,1,1.190228472,0.03966025,11732795616,129.8827633
0.26,0.08,0.057,0,0,-0.599819981,0.039659769,1.37677E+11,107.3191214
0.26,0.08,0.057,0,1,0.080242424,0.041465543,1.44698E+11,126.097443
0.26,0.08,0.05,1,0,3.573001038,0.021753265,71187792486,139.3232301
0.26,0.08,0.05,1,1,4.435993001,0.021855671,7447426105,165.2009944
0.26,0.08,0.05,0,0,0.785043453,0.026277933,91472286449,135.6669475
0.26,0.08,0.05,0,1,2.255250806,0.024172245,98522859777,141.7037912
0.28,0.18,0.055,1,0,3.928588245,0.029354975,65717625365,152.6110076
0.28,0.18,0.055,1,1,4.436916911,0.028490642,8324127032,163.827645
0.28,0.18,0.055,0,0,2.197912637,0.036345863,1.02823E+11,137.3986904
0.28,0.18,0.055,0,1,3.132244303,0.033687111,1.0086E+11,145.9222334
0.28,0.18,0.057,1,0,2.725618331,0.036156083,78939476350,139.7106905
0.28,0.18,0.057,1,1,3.124572459,0.035035512,9820804256,145.9859202
0.28,0.18,0.057,0,0,1.290144295,0.044500004,1.22519E+11,120.9068216
0.28,0.18,0.057,0,1,2.05753063,0.041250483,1.1993E+11,131.3319865
0.28,0.18,0.05,1,0,7.019383742,0.019723669,33755179893,172.6983329
0.28,0.18,0.05,1,1,7.719726693,0.02001199,4675384624,191.2471243
0.28,0.18,0.05,0,0,4.403179655,0.025359709,94324317234,142.0141038
0.28,0.18,0.05,0,1,5.806006932,0.023393225,79879067975,156.346368
0.28,0.1,0.055,1,0,2.190437594,0.031611611,81568112987,133.1843857
0.28,0.1,0.055,1,1,2.72410486,0.031285316,9353757810,137.6904653
0.28,0.1,0.055,0,0,0.420169075,0.036385811,1.20298E+11,127.8153081
0.28,0.1,0.055,0,1,1.348333414,0.035209815,1.23728E+11,140.0691431
0.28,0.1,0.057,1,0,1.226790141,0.039806172,1.00364E+11,141.8509818
0.28,0.1,0.057,1,1,1.692317685,0.038661638,11058044372,133.3409944
0.28,0.1,0.057,0,0,-0.1027253,0.042230225,1.37048E+11,112.0133096
0.28,0.1,0.057,0,1,0.624710595,0.041975704,1.43133E+11,122.4093969
0.28,0.1,0.05,1,0,4.511668492,0.021398354,57919334031,155.8768941
0.28,0.1,0.05,1,1,5.313587386,0.02142108,7166790040,168.4801642
0.28,0.1,0.05,0,0,1.832467045,0.024969652,88500012460,132.6408496
0.28,0.1,0.05,0,1,3.278953171,0.024129047,91600993855,144.4158224
0.28,0.12,0.055,1,0,2.621824512,0.031328195,81362824300,153.4322159
0.28,0.12,0.055,1,1,3.137914663,0.030954857,9208981167,146.1269049
0.28,0.12,0.055,0,0,0.819524215,0.037276565,1.21837E+11,140.3236815
0.28,0.12,0.055,0,1,1.79138492,0.035105586,1.2234E+11,142.3807541
0.28,0.12,0.057,1,0,1.626495977,0.038761829,95214834811,130.9904007
0.28,0.12,0.057,1,1,2.042590561,0.038051685,10847094916,133.2805133
0.28,0.12,0.057,0,0,0.22638009,0.043335049,1.38036E+11,127.7043374
0.28,0.12,0.057,0,1,0.971817607,0.042427356,1.43559E+11,117.8281836
0.28,0.12,0.05,1,0,5.11894497,0.021340108,57453598392,168.1917335
0.28,0.12,0.05,1,1,5.901021252,0.021348374,7014730304,164.0866469
0.28,0.12,0.05,0,0,2.461815541,0.02545907,89539003731,152.4362433
0.28,0.12,0.05,0,1,3.881941894,0.024477976,92135462290,140.5487454
0.28,0.14,0.055,1,0,3.063506735,0.030744571,70723280416,144.2696332
0.28,0.14,0.055,1,1,3.579376148,0.030136458,8938173979,136.1082883
0.28,0.14,0.055,0,0,1.305273945,0.036777056,1.16284E+11,134.8244376
0.28,0.14,0.055,0,1,2.258669614,0.034549651,1.12508E+11,124.9933951
0.28,0.14,0.057,1,0,1.989482551,0.038081061,84457211649,139.4989023
0.28,0.14,0.057,1,1,2.384348617,0.037459674,10636388972,140.4904147
0.28,0.14,0.057,0,0,0.57157437,0.044207373,1.28574E+11,115.906265
0.28,0.14,0.057,0,1,1.33525811,0.042267265,1.26687E+11,123.6909143
0.28,0.14,0.05,1,0,5.725585847,0.021147876,56406036350,161.6789985
0.28,0.14,0.05,1,1,6.522735886,0.020865684,4915976697,154.6611171
0.28,0.14,0.05,0,0,3.118173239,0.025529283,95568588289,144.8235514
0.28,0.14,0.05,0,1,4.517226438,0.024347051,91692475685,146.1769769
0.28,0.16,0.055,1,0,3.501934347,0.030040631,67758370573,150.7278358
0.28,0.16,0.055,1,1,4.019823103,0.029209121,8600000124,144.369229
0.28,0.16,0.055,0,0,1.717971779,0.03709898,1.06202E+11,131.5854121
0.28,0.16,0.055,0,1,2.702978016,0.03411794,1.03019E+11,127.1772062
0.28,0.16,0.057,1,0,2.328287631,0.037646873,82477620915,154.018803
0.28,0.16,0.057,1,1,2.742607395,0.036483808,10257907890,146.4857909
0.28,0.16,0.057,0,0,0.957856512,0.044115976,1.22607E+11,129.2466923
0.28,0.16,0.057,0,1,1.676880225,0.042177163,1.23719E+11,130.6247411
0.28,0.16,0.05,1,0,6.405926479,0.020203195,35359277656,181.0635005
0.28,0.16,0.05,1,1,7.149934136,0.020250688,4753742708,187.2078159
0.28,0.16,0.05,0,0,3.75527911,0.02560321,94390758950,146.955927
0.28,0.16,0.05,0,1,5.164487892,0.023928183,82555393774,161.6723707
0.28,0.2,0.055,1,0,4.373036299,0.028321673,61806580509,172.447657
0.28,0.2,0.055,1,1,4.87961124,0.027381921,7976812139,144.6957142
0.28,0.2,0.055,0,0,2.63552771,0.036019609,1.021E+11,142.9717892
0.28,0.2,0.055,0,1,3.55527938,0.033166073,98708438020,135.2962472
0.28,0.2,0.057,1,0,3.091356087,0.035033593,71381653407,152.5869679
0.28,0.2,0.057,1,1,3.485182427,0.033851802,9467513559,149.5874021
0.28,0.2,0.057,0,0,1.687896235,0.043523426,1.16996E+11,121.1696504
0.28,0.2,0.057,0,1,2.427792919,0.04031556,1.12249E+11,145.2185203
0.28,0.2,0.05,1,0,7.62439235,0.019198372,32612000776,193.590538
0.28,0.2,0.05,1,1,8.322102324,0.019445389,3748130491,157.304038
0.28,0.2,0.05,0,0,5.030942716,0.025135116,96392275033,140.9364515
0.28,0.2,0.05,0,1,6.45559763,0.022646567,51914158369,177.2983226
0.28,0.22,0.055,1,0,4.794274042,0.027490793,56326075785,158.7279642
0.28,0.22,0.055,1,1,5.304762441,0.026418467,7676872955,159.2810692
0.28,0.22,0.055,0,0,3.080165924,0.03537874,97817398088,144.1240313
0.28,0.22,0.055,0,1,4.024662898,0.031861699,88440436509,139.6848645
0.28,0.22,0.057,1,0,3.445298466,0.033984502,67909046171,157.7823383
0.28,0.22,0.057,1,1,3.827697734,0.032870584,9173179950,148.427602
0.28,0.22,0.057,0,0,2.032005038,0.043225226,1.08983E+11,132.4852148
0.28,0.22,0.057,0,1,2.821927801,0.038830372,1.02619E+11,132.5571624
0.28,0.22,0.05,1,0,8.255652462,0.018407598,26017060318,186.8251844
0.28,0.22,0.05,1,1,8.921448864,0.01882752,3610199036,159.1564471
0.28,0.22,0.05,0,0,5.661539446,0.024687326,98348722411,148.8230252
0.28,0.22,0.05,0,1,7.024553654,0.022510038,51613567511,152.4714117
0.28,0.24,0.055,1,0,5.245655587,0.026205787,53249672419,178.8177514
0.28,0.24,0.055,1,1,5.713202497,0.02561007,7422844975,158.8596955
0.28,0.24,0.055,0,0,3.531942816,0.034438167,99275606215,131.8041067
0.28,0.24,0.055,0,1,4.430653945,0.031274543,85080348580,156.1578166
0.28,0.24,0.057,1,0,3.820708679,0.032541755,64705011575,169.5667685
0.28,0.24,0.057,1,1,4.187442118,0.031582381,8796594111,161.588662
0.28,0.24,0.057,0,0,2.396375248,0.042398053,1.05812E+11,145.3910649
0.28,0.24,0.057,0,1,3.167369678,0.03799644,99590326109,145.4644557
0.28,0.24,0.05,1,0,8.868349256,0.017686675,23880162448,205.3349331
0.28,0.24,0.05,1,1,9.513278918,0.018215263,3480788113,164.6589509
0.28,0.24,0.05,0,0,6.291448148,0.024090061,48668754429,166.1427286
0.28,0.24,0.05,0,1,7.618995846,0.022025885,48805463362,180.0213235
0.28,0.26,0.055,1,0,5.660292855,0.025311029,50981525521,178.1998407
0.28,0.26,0.055,1,1,6.182314672,0.0240719,5015521183,176.9314498
0.28,0.26,0.055,0,0,3.936904775,0.034004938,1.00607E+11,150.1073914
0.28,0.26,0.055,0,1,4.880878019,0.02997024,81575310353,150.5138741
0.28,0.26,0.057,1,0,4.182771664,0.03123643,61834381467,157.4364297
0.28,0.26,0.057,1,1,4.5611085,0.030073728,8358788191,144.5900762
0.28,0.26,0.057,0,0,2.773049402,0.041179625,1.03415E+11,146.452024
0.28,0.26,0.057,0,1,3.546108981,0.036505325,95115536379,133.3858152
0.28,0.26,0.05,1,0,9.404395574,0.017518823,22447958273,190.4522062
0.28,0.26,0.05,1,1,10.08768133,0.017694121,3369994639,169.8485697
0.28,0.26,0.05,0,0,6.928643228,0.023258621,45445619626,173.320896
0.28,0.26,0.05,0,1,8.312824354,0.020555358,35646203782,186.8721546
0.28,0.28,0.055,1,0,6.101889003,0.024047342,34961428239,178.6923184
0.28,0.28,0.055,1,1,6.591393143,0.023179632,4816545908,150.9521883
0.28,0.28,0.055,0,0,4.37137139,0.032975913,99264603009,152.9922416
0.28,0.28,0.055,0,1,5.292259934,0.029096723,79883188733,160.7764482
0.28,0.28,0.057,1,0,4.527555945,0.030145262,59362670980,159.584527
0.28,0.28,0.057,1,1,4.915916927,0.028834597,7948200241,145.5453735
0.28,0.28,0.057,0,0,3.147190901,0.039840964,1.03025E+11,147.2089619
0.28,0.28,0.057,0,1,3.877795948,0.035666811,93057229163,153.9284328
0.28,0.28,0.05,1,0,9.983580795,0.016941297,21384077065,230.2770603
0.28,0.28,0.05,1,1,10.67732621,0.017013221,3230381830,174.6719186
0.28,0.28,0.05,0,0,7.5603567,0.022343705,35953708092,190.5619585
0.28,0.28,0.05,0,1,8.819433881,0.020694026,35821973013,151.1890811
0.28,0.3,0.055,1,0,6.507690369,0.023160568,33497586606,200.7767761
0.28,0.3,0.055,1,1,7.006343914,0.022208172,4585594234,174.3953829
0.28,0.3,0.055,0,0,4.814031656,0.03169086,97135750070,153.0962322
0.28,0.3,0.055,0,1,5.735251809,0.027727796,76912916514,153.5124037
0.28,0.3,0.057,1,0,4.897459168,0.028661026,56295010100,162.5825745
0.28,0.3,0.057,1,1,5.280250132,0.027447107,7521146548,151.8914126
0.28,0.3,0.057,0,0,3.514015368,0.038490728,1.04708E+11,147.978396
0.28,0.3,0.057,0,1,4.237863541,0.034284929,90006643843,137.1258202
0.28,0.3,0.05,1,0,10.56915199,0.016290852,20521484921,190.457169
0.28,0.3,0.05,1,1,11.2351744,0.016539698,3129862298,167.0933012
0.28,0.3,0.05,0,0,8.1571666,0.021702614,34649644303,173.2736352
0.28,0.3,0.05,0,1,9.423929503,0.01987253,34173840425,155.061977
0.28,0.08,0.055,1,0,1.717093903,0.032268524,83492646896,136.3263566
0.28,0.08,0.055,1,1,2.261109645,0.032094949,9749169277,148.5721353
0.28,0.08,0.055,0,0,0.012010865,0.035631014,1.31444E+11,132.7569369
0.28,0.08,0.055,0,1,0.937991168,0.034736743,1.31533E+11,120.3296122
0.28,0.08,0.057,1,0,0.865047591,0.040000737,1.00349E+11,143.2575514
0.28,0.08,0.057,1,1,1.334269558,0.03923916,11382835876,130.6250584
0.28,0.08,0.057,0,0,-0.414994976,0.040249275,1.43454E+11,113.9349561
0.28,0.08,0.057,0,1,0.285170797,0.041233297,1.47016E+11,115.9643092
0.28,0.08,0.05,1,0,3.864310003,0.021636365,61125404378,151.7303128
0.28,0.08,0.05,1,1,4.68532124,0.021726639,7303457738,152.4433088
0.28,0.08,0.05,0,0,1.179967753,0.024953305,97917020540,142.6775322
0.28,0.08,0.05,0,1,2.633322827,0.023982825,1.01806E+11,152.4275231
0.1,0.18,0.055,1,0,2.000290604,0.036467593,83796804168,121.4575921
0.1,0.18,0.055,1,1,2.835185868,0.034624487,1.00477E+11,144.133905
0.1,0.18,0.055,0,0,1.27523107,0.041777164,81059047095,120.7105513
0.1,0.18,0.055,0,1,1.312039123,0.04125641,79608006776,122.2756652
0.1,0.18,0.057,1,0,1.164463731,0.043832725,96497976766,124.6183715
0.1,0.18,0.057,1,1,1.850867786,0.041550624,1.17469E+11,134.4626685
0.1,0.18,0.057,0,0,0.585712936,0.047552191,91783095645,118.2146476
0.1,0.18,0.057,0,1,0.608105935,0.047197923,90352864675,118.6280857
0.1,0.18,0.05,1,0,4.073316763,0.026222667,83365846112,153.967609
0.1,0.18,0.05,1,1,5.366948335,0.024438016,81930743686,137.6996862
0.1,0.18,0.05,0,0,3.020933948,0.032966823,66177390562,121.1129616
0.1,0.18,0.05,0,1,3.069679435,0.032458692,66213092945,130.0961779
0.1,0.1,0.055,1,0,0.227085765,0.036160046,95740357374,117.8254558
0.1,0.1,0.055,1,1,1.044988592,0.036119491,1.23283E+11,139.7393611
0.1,0.1,0.055,0,0,-0.502652093,0.036802222,79608522702,111.7607659
0.1,0.1,0.055,0,1,-0.45177864,0.036871608,85194421682,106.1573207
0.1,0.1,0.057,1,0,-0.268452266,0.041578614,1.07658E+11,130.3223844
0.1,0.1,0.057,1,1,0.385322733,0.042363047,1.40971E+11,111.9414482
0.1,0.1,0.057,0,0,-0.905954645,0.039615858,84876825757,107.9911655
0.1,0.1,0.057,0,1,-0.805489403,0.040536955,91470994832,122.5183693
0.1,0.1,0.05,1,0,1.532041489,0.025462588,74653290086,128.2228657
0.1,0.1,0.05,1,1,2.828027063,0.025008366,91080968707,134.9244089
0.1,0.1,0.05,0,0,0.513171625,0.029702582,65050513578,119.6460853
0.1,0.1,0.05,0,1,0.539923239,0.029557561,65431158846,124.8144893
0.1,0.12,0.055,1,0,0.651347049,0.036885346,96712950112,115.1206588
0.1,0.12,0.055,1,1,1.530293503,0.035513659,1.19988E+11,124.7458949
0.1,0.12,0.055,0,0,-0.051192849,0.03886973,83446141110,97.66499196
0.1,0.12,0.055,0,1,-0.059879359,0.039024647,83203649650,101.8103545
0.1,0.12,0.057,1,0,0.08254722,0.042729541,1.07585E+11,118.1536426
0.1,0.12,0.057,1,1,0.73754233,0.042938743,1.41576E+11,132.1782669
0.1,0.12,0.057,0,0,-0.531138454,0.042668096,91140248649,112.2150226
0.1,0.12,0.057,0,1,-0.490280861,0.042927937,98019473020,110.9724605
0.1,0.12,0.05,1,0,2.162331125,0.025897265,74891720735,145.0683958
0.1,0.12,0.05,1,1,3.482050604,0.024955931,89762833395,142.4108989
0.1,0.12,0.05,0,0,1.129402742,0.030691394,66955676008,113.1699951
0.1,0.12,0.05,0,1,1.159126669,0.030480215,66849761154,112.8941306
0.1,0.14,0.055,1,0,1.074573146,0.037329309,95022020577,124.5845515
0.1,0.14,0.055,1,1,1.939052185,0.035727055,1.11685E+11,144.4048651
0.1,0.14,0.055,0,0,0.414433422,0.040090113,82831887114,117.6536988
0.1,0.14,0.055,0,1,0.436971333,0.039867638,82176509961,117.6113388
0.1,0.14,0.057,1,0,0.421239515,0.043760792,1.02323E+11,115.6815389
0.1,0.14,0.057,1,1,1.108449621,0.042823801,1.25458E+11,133.0282138
0.1,0.14,0.057,0,0,-0.156130857,0.044937044,89924756377,114.7163167
0.1,0.14,0.057,0,1,-0.148729919,0.044954071,90162707412,114.5634464
0.1,0.14,0.05,1,0,2.815118332,0.026057683,75059494135,131.6731621
0.1,0.14,0.05,1,1,4.11194562,0.024939793,89521278262,147.2353735
0.1,0.14,0.05,0,0,1.762591914,0.031606681,67980880687,119.1493105
0.1,0.14,0.05,0,1,1.813490357,0.031175852,67531143183,129.9268589
0.1,0.16,0.055,1,0,1.546363974,0.036860817,86024295400,119.6608501
0.1,0.16,0.055,1,1,2.41676824,0.034870336,1.02353E+11,130.8728972
0.1,0.16,0.055,0,0,0.840959645,0.041174204,80583038821,104.5704488
0.1,0.16,0.055,0,1,0.84883722,0.04105967,79001792735,101.6793283
0.1,0.16,0.057,1,0,0.76359184,0.044448789,99880970625,134.2308162
0.1,0.16,0.057,1,1,1.472048642,0.04244258,1.21201E+11,121.2524793
0.1,0.16,0.057,0,0,0.216227978,0.046533762,90373559637,116.6803921
0.1,0.16,0.057,0,1,0.239653302,0.046245485,89254611192,106.5790905
0.1,0.16,0.05,1,0,3.464693156,0.026033666,78914150196,134.8188549
0.1,0.16,0.05,1,1,4.726361573,0.024897253,81310530656,156.3802407
0.1,0.16,0.05,0,0,2.437245841,0.032019857,64302152216,112.8600804
0.1,0.16,0.05,0,1,2.424356081,0.032133105,64323972701,122.0579825
0.1,0.2,0.055,1,0,2.421931394,0.036376205,83366865604,145.0776702
0.1,0.2,0.055,1,1,3.258923203,0.03411602,98015328351,131.2611677
0.1,0.2,0.055,0,0,1.727798688,0.041848125,80557779201,107.9529774
0.1,0.2,0.055,0,1,1.73785004,0.041613383,78895979378,108.6319452
0.1,0.2,0.057,1,0,1.515707854,0.043664274,94687061221,126.4584559
0.1,0.2,0.057,1,1,2.214977454,0.040703624,1.10262E+11,124.7492644
0.1,0.2,0.057,0,0,0.952500104,0.048072165,90151791817,119.501141
0.1,0.2,0.057,0,1,0.973005159,0.047657005,88721621603,119.2493822
0.1,0.2,0.05,1,0,4.734244891,0.025663965,84619677328,142.2666123
0.1,0.2,0.05,1,1,6.000938744,0.023896003,52583800100,147.4183079
0.1,0.2,0.05,0,0,3.670238853,0.032962216,76802581857,110.9092434
0.1,0.2,0.05,0,1,3.705731035,0.032550179,83112249210,116.415344
0.1,0.22,0.055,1,0,2.885210174,0.035490267,76946114093,126.8694685
0.1,0.22,0.055,1,1,3.716361792,0.032997927,88316105039,149.9085845
0.1,0.22,0.055,0,0,2.120774758,0.042451864,77196192258,119.9191249
0.1,0.22,0.055,0,1,2.159408989,0.041790535,75405129998,128.7446574
0.1,0.22,0.057,1,0,1.898446792,0.042714,87529248070,123.1858312
0.1,0.22,0.057,1,1,2.560680006,0.040006801,1.0306E+11,135.5947122
0.1,0.22,0.057,0,0,1.316766143,0.048175445,87070551783,120.720469
0.1,0.22,0.057,0,1,1.336227775,0.047706766,85415344057,119.9722284
0.1,0.22,0.05,1,0,5.324370051,0.025665295,87539346866,141.4476951
0.1,0.22,0.05,1,1,6.646655184,0.023105393,50401089326,165.5188447
0.1,0.22,0.05,0,0,4.261071455,0.033260588,87356736912,119.6485367
0.1,0.22,0.05,0,1,4.325456306,0.032514747,87670838830,119.99723
0.1,0.24,0.055,1,0,3.310170271,0.034946549,78889782596,131.5669968
0.1,0.24,0.055,1,1,4.15790681,0.031952089,84096007284,148.2081261
0.1,0.24,0.055,0,0,2.559704121,0.042171016,76329379387,109.2843843
0.1,0.24,0.055,0,1,2.574944332,0.041783901,75414956123,106.22258
0.1,0.24,0.057,1,0,2.237609904,0.042298176,86153684878,142.3110273
0.1,0.24,0.057,1,1,2.942407437,0.038571395,98268140770,131.4070985
0.1,0.24,0.057,0,0,1.650137572,0.0484092,86548766456,119.8597376
0.1,0.24,0.057,0,1,1.660394696,0.048026639,85187659115,118.6012585
0.1,0.24,0.05,1,0,5.947037913,0.025143922,83122456283,143.7058395
0.1,0.24,0.05,1,1,7.258504797,0.022511538,47024686028,168.1902069
0.1,0.24,0.05,0,0,4.899010585,0.032775362,91803173963,130.0236441
0.1,0.24,0.05,0,1,4.938534139,0.032285815,91788621075,125.2599434
0.1,0.26,0.055,1,0,3.730928158,0.034291311,86856272326,150.8944232
0.1,0.26,0.055,1,1,4.572322504,0.03117192,81920754502,154.7585223
0.1,0.26,0.055,0,0,3.005278532,0.041493123,75976389912,107.1711496
0.1,0.26,0.055,0,1,3.010085332,0.041227049,74661284162,124.7136871
0.1,0.26,0.057,1,0,2.619166969,0.040993186,82863864998,143.7296677
0.1,0.26,0.057,1,1,3.285959379,0.037644172,95232451470,137.426925
0.1,0.26,0.057,0,0,2.00115904,0.048081522,85498594285,104.6423957
0.1,0.26,0.057,0,1,2.045944112,0.047083702,83142422204,109.6645137
0.1,0.26,0.05,1,0,6.627920474,0.023877239,39241990541,150.9201258
0.1,0.26,0.05,1,1,7.817250717,0.022330169,37057143424,170.0722191
0.1,0.26,0.05,0,0,5.482219032,0.032641638,1.00602E+11,107.8506738
0.1,0.26,0.05,0,1,5.498721015,0.032405854,99645965330,137.0804491
0.1,0.28,0.055,1,0,4.193225223,0.03288598,85156933012,137.0291757
0.1,0.28,0.055,1,1,4.996941459,0.030157161,80392558202,155.9568077
0.1,0.28,0.055,0,0,3.442096642,0.040671166,79327668354,114.0437238
0.1,0.28,0.055,0,1,3.440458651,0.040482998,81490580586,108.4510766
0.1,0.28,0.057,1,0,2.98915962,0.039722001,80310780094,144.5206153
0.1,0.28,0.057,1,1,3.647171585,0.036331665,91367119771,154.6447034
0.1,0.28,0.057,0,0,2.35924619,0.047384304,84061571780,106.0929482
0.1,0.28,0.057,0,1,2.40447002,0.046326342,81381050169,114.9877635
0.1,0.28,0.05,1,0,7.260625401,0.022969467,31006736089,163.6566702
0.1,0.28,0.05,1,1,8.47908095,0.021069061,34553531016,189.4708458
0.1,0.28,0.05,0,0,6.069955917,0.032232176,35528542845,135.7199359
0.1,0.28,0.05,0,1,6.100941243,0.03183552,34677159201,118.5469441
0.1,0.3,0.055,1,0,4.621367692,0.031834334,84513704336,147.5187444
0.1,0.3,0.055,1,1,5.450012182,0.028700178,78906014376,147.627044
0.1,0.3,0.055,0,0,3.852948124,0.039996419,89162996017,112.8624152
0.1,0.3,0.055,0,1,3.860607785,0.039664461,92070613358,127.7537189
0.1,0.3,0.057,1,0,3.354232599,0.038398932,82159122225,145.7895599
0.1,0.3,0.057,1,1,4.025481877,0.034687911,86774267961,149.4884638
0.1,0.3,0.057,0,0,2.714901014,0.046490707,82558459104,108.067695
0.1,0.3,0.057,0,1,2.761524774,0.04536926,80163476826,116.9191851
0.1,0.3,0.05,1,0,7.783622082,0.023031022,31331018683,155.3726429
0.1,0.3,0.05,1,1,9.068460331,0.020383532,33163857891,192.7885884
0.1,0.3,0.05,0,0,6.662249964,0.031566476,34675307680,116.4201551
0.1,0.3,0.05,0,1,6.682770413,0.031297014,34176699897,164.2527817
0.1,0.08,0.055,1,0,-0.167119469,0.03504461,1.03078E+11,133.5657817
0.1,0.08,0.055,1,1,0.645803196,0.035325782,1.30203E+11,114.2279327
0.1,0.08,0.055,0,0,-0.948926244,0.033809591,78175528316,90.71729808
0.1,0.08,0.055,0,1,-0.811257069,0.034668585,85138721173,117.4177632
0.1,0.08,0.057,1,0,-0.580550241,0.039322773,1.11775E+11,132.7898359
0.1,0.08,0.057,1,1,0.068960482,0.041138786,1.42427E+11,107.8175413
0.1,0.08,0.057,0,0,-1.251127209,0.035438393,81661496369,109.1782565
0.1,0.08,0.057,0,1,-1.068525259,0.03766535,90468979142,109.6416583
0.1,0.08,0.05,1,0,0.853744595,0.025843145,83472545104,146.310012
0.1,0.08,0.05,1,1,2.213672381,0.024486973,99468942645,137.8830123
0.1,0.08,0.05,0,0,-0.099316335,0.028435107,67340708206,117.5868465
0.1,0.08,0.05,0,1,-0.125593909,0.02875904,69581895217,114.4736817
